valid_time,latitude,longitude,ssrd,number,expver
2005-01-01,23.1,72.5,1.7106796e+07,0,0001
2005-01-01,23.1,72.6,1.708922e+07,0,0001
2005-01-01,23.1,72.7,1.7088788e+07,0,0001
2005-01-01,23.0,72.5,1.7162068e+07,0,0001
2005-01-01,23.0,72.6,1.7145704e+07,0,0001
2005-01-01,23.0,72.7,1.7148288e+07,0,0001
2005-02-01,23.1,72.5,2.0546838e+07,0,0001
2005-02-01,23.1,72.6,2.052688e+07,0,0001
2005-02-01,23.1,72.7,2.0517006e+07,0,0001
2005-02-01,23.0,72.5,2.0564914e+07,0,0001
2005-02-01,23.0,72.6,2.0543984e+07,0,0001
2005-02-01,23.0,72.7,2.0534702e+07,0,0001
2005-03-01,23.1,72.5,2.385467e+07,0,0001
2005-03-01,23.1,72.6,2.3835164e+07,0,0001
2005-03-01,23.1,72.7,2.3822134e+07,0,0001
2005-03-01,23.0,72.5,2.3865462e+07,0,0001
2005-03-01,23.0,72.6,2.3844896e+07,0,0001
2005-03-01,23.0,72.7,2.3831158e+07,0,0001
2005-04-01,23.1,72.5,2.6919236e+07,0,0001
2005-04-01,23.1,72.6,2.6911644e+07,0,0001
2005-04-01,23.1,72.7,2.691336e+07,0,0001
2005-04-01,23.0,72.5,2.6914142e+07,0,0001
2005-04-01,23.0,72.6,2.6904104e+07,0,0001
2005-04-01,23.0,72.7,2.6905868e+07,0,0001
2005-05-01,23.1,72.5,2.7021404e+07,0,0001
2005-05-01,23.1,72.6,2.7012958e+07,0,0001
2005-05-01,23.1,72.7,2.7016512e+07,0,0001
2005-05-01,23.0,72.5,2.7027072e+07,0,0001
2005-05-01,23.0,72.6,2.7018098e+07,0,0001
2005-05-01,23.0,72.7,2.702291e+07,0,0001
2005-06-01,23.1,72.5,2.1274432e+07,0,0001
2005-06-01,23.1,72.6,2.1309212e+07,0,0001
2005-06-01,23.1,72.7,2.1342116e+07,0,0001
2005-06-01,23.0,72.5,2.1175452e+07,0,0001
2005-06-01,23.0,72.6,2.1223804e+07,0,0001
2005-06-01,23.0,72.7,2.1264856e+07,0,0001
2005-07-01,23.1,72.5,1.4211236e+07,0,0001
2005-07-01,23.1,72.6,1.4210088e+07,0,0001
2005-07-01,23.1,72.7,1.4151526e+07,0,0001
2005-07-01,23.0,72.5,1.4217656e+07,0,0001
2005-07-01,23.0,72.6,1.4231398e+07,0,0001
2005-07-01,23.0,72.7,1.4179906e+07,0,0001
2005-08-01,23.1,72.5,1.4202392e+07,0,0001
2005-08-01,23.1,72.6,1.424031e+07,0,0001
2005-08-01,23.1,72.7,1.430495e+07,0,0001
2005-08-01,23.0,72.5,1.4235008e+07,0,0001
2005-08-01,23.0,72.6,1.4280828e+07,0,0001
2005-08-01,23.0,72.7,1.4347752e+07,0,0001
2005-09-01,23.1,72.5,1.4957117e+07,0,0001
2005-09-01,23.1,72.6,1.4970277e+07,0,0001
2005-09-01,23.1,72.7,1.4999233e+07,0,0001
2005-09-01,23.0,72.5,1.4804931e+07,0,0001
2005-09-01,23.0,72.6,1.4823533e+07,0,0001
2005-09-01,23.0,72.7,1.4847363e+07,0,0001
2005-10-01,23.1,72.5,2.054518e+07,0,0001
2005-10-01,23.1,72.6,2.0567116e+07,0,0001
2005-10-01,23.1,72.7,2.0567214e+07,0,0001
2005-10-01,23.0,72.5,2.0546292e+07,0,0001
2005-10-01,23.0,72.6,2.0571492e+07,0,0001
2005-10-01,23.0,72.7,2.056576e+07,0,0001
2005-11-01,23.1,72.5,1.78845e+07,0,0001
2005-11-01,23.1,72.6,1.786142e+07,0,0001
2005-11-01,23.1,72.7,1.7868516e+07,0,0001
2005-11-01,23.0,72.5,1.7904204e+07,0,0001
2005-11-01,23.0,72.6,1.7876344e+07,0,0001
2005-11-01,23.0,72.7,1.7887524e+07,0,0001
2005-12-01,23.1,72.5,1.6743772e+07,0,0001
2005-12-01,23.1,72.6,1.6732988e+07,0,0001
2005-12-01,23.1,72.7,1.6729132e+07,0,0001
2005-12-01,23.0,72.5,1.6761268e+07,0,0001
2005-12-01,23.0,72.6,1.6750648e+07,0,0001
2005-12-01,23.0,72.7,1.6748428e+07,0,0001
2006-01-01,23.1,72.5,1.7822912e+07,0,0001
2006-01-01,23.1,72.6,1.7818444e+07,0,0001
2006-01-01,23.1,72.7,1.782356e+07,0,0001
2006-01-01,23.0,72.5,1.7859424e+07,0,0001
2006-01-01,23.0,72.6,1.7852992e+07,0,0001
2006-01-01,23.0,72.7,1.7858024e+07,0,0001
2006-02-01,23.1,72.5,2.052536e+07,0,0001
2006-02-01,23.1,72.6,2.0519362e+07,0,0001
2006-02-01,23.1,72.7,2.0530372e+07,0,0001
2006-02-01,23.0,72.5,2.0546164e+07,0,0001
2006-02-01,23.0,72.6,2.053787e+07,0,0001
2006-02-01,23.0,72.7,2.054925e+07,0,0001
2006-03-01,23.1,72.5,2.37173e+07,0,0001
2006-03-01,23.1,72.6,2.3669056e+07,0,0001
2006-03-01,23.1,72.7,2.3636188e+07,0,0001
2006-03-01,23.0,72.5,2.3754668e+07,0,0001
2006-03-01,23.0,72.6,2.370688e+07,0,0001
2006-03-01,23.0,72.7,2.3674468e+07,0,0001
2006-04-01,23.1,72.5,2.628124e+07,0,0001
2006-04-01,23.1,72.6,2.6266662e+07,0,0001
2006-04-01,23.1,72.7,2.6267064e+07,0,0001
2006-04-01,23.0,72.5,2.626899e+07,0,0001
2006-04-01,23.0,72.6,2.6252142e+07,0,0001
2006-04-01,23.0,72.7,2.625303e+07,0,0001
2006-05-01,23.1,72.5,2.620065e+07,0,0001
2006-05-01,23.1,72.6,2.6189826e+07,0,0001
2006-05-01,23.1,72.7,2.619523e+07,0,0001
2006-05-01,23.0,72.5,2.6206636e+07,0,0001
2006-05-01,23.0,72.6,2.618485e+07,0,0001
2006-05-01,23.0,72.7,2.618933e+07,0,0001
2006-06-01,23.1,72.5,2.181656e+07,0,0001
2006-06-01,23.1,72.6,2.1776624e+07,0,0001
2006-06-01,23.1,72.7,2.1759836e+07,0,0001
2006-06-01,23.0,72.5,2.1671184e+07,0,0001
2006-06-01,23.0,72.6,2.1623968e+07,0,0001
2006-06-01,23.0,72.7,2.161346e+07,0,0001
2006-07-01,23.1,72.5,1.1901598e+07,0,0001
2006-07-01,23.1,72.6,1.182825e+07,0,0001
2006-07-01,23.1,72.7,1.1767262e+07,0,0001
2006-07-01,23.0,72.5,1.1862608e+07,0,0001
2006-07-01,23.0,72.6,1.178941e+07,0,0001
2006-07-01,23.0,72.7,1.1721894e+07,0,0001
2006-08-01,23.1,72.5,9.98517e+06,0,0001
2006-08-01,23.1,72.6,9.960286e+06,0,0001
2006-08-01,23.1,72.7,9.904862e+06,0,0001
2006-08-01,23.0,72.5,1.0044824e+07,0,0001
2006-08-01,23.0,72.6,1.0033804e+07,0,0001
2006-08-01,23.0,72.7,9.98321e+06,0,0001
2006-09-01,23.1,72.5,1.7125368e+07,0,0001
2006-09-01,23.1,72.6,1.7061284e+07,0,0001
2006-09-01,23.1,72.7,1.6991612e+07,0,0001
2006-09-01,23.0,72.5,1.7099712e+07,0,0001
2006-09-01,23.0,72.6,1.7039064e+07,0,0001
2006-09-01,23.0,72.7,1.6973204e+07,0,0001
2006-10-01,23.1,72.5,2.0139896e+07,0,0001
2006-10-01,23.1,72.6,2.0110856e+07,0,0001
2006-10-01,23.1,72.7,2.0095904e+07,0,0001
2006-10-01,23.0,72.5,2.0133086e+07,0,0001
2006-10-01,23.0,72.6,2.010137e+07,0,0001
2006-10-01,23.0,72.7,2.00829e+07,0,0001
2006-11-01,23.1,72.5,1.7725796e+07,0,0001
2006-11-01,23.1,72.6,1.7712484e+07,0,0001
2006-11-01,23.1,72.7,1.771398e+07,0,0001
2006-11-01,23.0,72.5,1.7725252e+07,0,0001
2006-11-01,23.0,72.6,1.7708076e+07,0,0001
2006-11-01,23.0,72.7,1.770898e+07,0,0001
2006-12-01,23.1,72.5,1.6245324e+07,0,0001
2006-12-01,23.1,72.6,1.6232724e+07,0,0001
2006-12-01,23.1,72.7,1.6230152e+07,0,0001
2006-12-01,23.0,72.5,1.6290288e+07,0,0001
2006-12-01,23.0,72.6,1.6276404e+07,0,0001
2006-12-01,23.0,72.7,1.6275188e+07,0,0001
2007-01-01,23.1,72.5,1.75605e+07,0,0001
2007-01-01,23.1,72.6,1.7540104e+07,0,0001
2007-01-01,23.1,72.7,1.7531816e+07,0,0001
2007-01-01,23.0,72.5,1.7569e+07,0,0001
2007-01-01,23.0,72.6,1.7547852e+07,0,0001
2007-01-01,23.0,72.7,1.75391e+07,0,0001
2007-02-01,23.1,72.5,2.0120752e+07,0,0001
2007-02-01,23.1,72.6,2.0087952e+07,0,0001
2007-02-01,23.1,72.7,2.0059186e+07,0,0001
2007-02-01,23.0,72.5,2.0115842e+07,0,0001
2007-02-01,23.0,72.6,2.0080118e+07,0,0001
2007-02-01,23.0,72.7,2.0052212e+07,0,0001
2007-03-01,23.1,72.5,2.394331e+07,0,0001
2007-03-01,23.1,72.6,2.3955234e+07,0,0001
2007-03-01,23.1,72.7,2.3973574e+07,0,0001
2007-03-01,23.0,72.5,2.3946008e+07,0,0001
2007-03-01,23.0,72.6,2.3954042e+07,0,0001
2007-03-01,23.0,72.7,2.3971672e+07,0,0001
2007-04-01,23.1,72.5,2.6472704e+07,0,0001
2007-04-01,23.1,72.6,2.6459326e+07,0,0001
2007-04-01,23.1,72.7,2.6457152e+07,0,0001
2007-04-01,23.0,72.5,2.6466996e+07,0,0001
2007-04-01,23.0,72.6,2.6450476e+07,0,0001
2007-04-01,23.0,72.7,2.6449816e+07,0,0001
2007-05-01,23.1,72.5,2.6820648e+07,0,0001
2007-05-01,23.1,72.6,2.6801018e+07,0,0001
2007-05-01,23.1,72.7,2.6792238e+07,0,0001
2007-05-01,23.0,72.5,2.6812658e+07,0,0001
2007-05-01,23.0,72.6,2.6785704e+07,0,0001
2007-05-01,23.0,72.7,2.6774932e+07,0,0001
2007-06-01,23.1,72.5,2.0402288e+07,0,0001
2007-06-01,23.1,72.6,2.036284e+07,0,0001
2007-06-01,23.1,72.7,2.034169e+07,0,0001
2007-06-01,23.0,72.5,2.0346326e+07,0,0001
2007-06-01,23.0,72.6,2.030709e+07,0,0001
2007-06-01,23.0,72.7,2.0287082e+07,0,0001
2007-07-01,23.1,72.5,1.421801e+07,0,0001
2007-07-01,23.1,72.6,1.4225168e+07,0,0001
2007-07-01,23.1,72.7,1.4164628e+07,0,0001
2007-07-01,23.0,72.5,1.4286446e+07,0,0001
2007-07-01,23.0,72.6,1.431726e+07,0,0001
2007-07-01,23.0,72.7,1.4264186e+07,0,0001
2007-08-01,23.1,72.5,1.2975102e+07,0,0001
2007-08-01,23.1,72.6,1.289433e+07,0,0001
2007-08-01,23.1,72.7,1.2833444e+07,0,0001
2007-08-01,23.0,72.5,1.2957854e+07,0,0001
2007-08-01,23.0,72.6,1.288779e+07,0,0001
2007-08-01,23.0,72.7,1.2830424e+07,0,0001
2007-09-01,23.1,72.5,1.5592599e+07,0,0001
2007-09-01,23.1,72.6,1.5522301e+07,0,0001
2007-09-01,23.1,72.7,1.5477107e+07,0,0001
2007-09-01,23.0,72.5,1.5530005e+07,0,0001
2007-09-01,23.0,72.6,1.5461323e+07,0,0001
2007-09-01,23.0,72.7,1.5409671e+07,0,0001
2007-10-01,23.1,72.5,2.0607868e+07,0,0001
2007-10-01,23.1,72.6,2.061998e+07,0,0001
2007-10-01,23.1,72.7,2.064136e+07,0,0001
2007-10-01,23.0,72.5,2.0606366e+07,0,0001
2007-10-01,23.0,72.6,2.0619428e+07,0,0001
2007-10-01,23.0,72.7,2.0641848e+07,0,0001
2007-11-01,23.1,72.5,1.7973444e+07,0,0001
2007-11-01,23.1,72.6,1.7973976e+07,0,0001
2007-11-01,23.1,72.7,1.7980072e+07,0,0001
2007-11-01,23.0,72.5,1.7965708e+07,0,0001
2007-11-01,23.0,72.6,1.7964452e+07,0,0001
2007-11-01,23.0,72.7,1.7969364e+07,0,0001
2007-12-01,23.1,72.5,1.600354e+07,0,0001
2007-12-01,23.1,72.6,1.5988092e+07,0,0001
2007-12-01,23.1,72.7,1.5985168e+07,0,0001
2007-12-01,23.0,72.5,1.6000608e+07,0,0001
2007-12-01,23.0,72.6,1.5986632e+07,0,0001
2007-12-01,23.0,72.7,1.5989656e+07,0,0001
2008-01-01,23.1,72.5,1.7618636e+07,0,0001
2008-01-01,23.1,72.6,1.7606272e+07,0,0001
2008-01-01,23.1,72.7,1.7603484e+07,0,0001
2008-01-01,23.0,72.5,1.7658612e+07,0,0001
2008-01-01,23.0,72.6,1.7644872e+07,0,0001
2008-01-01,23.0,72.7,1.7642512e+07,0,0001
2008-02-01,23.1,72.5,2.1165716e+07,0,0001
2008-02-01,23.1,72.6,2.1164894e+07,0,0001
2008-02-01,23.1,72.7,2.1176444e+07,0,0001
2008-02-01,23.0,72.5,2.1198064e+07,0,0001
2008-02-01,23.0,72.6,2.119704e+07,0,0001
2008-02-01,23.0,72.7,2.120886e+07,0,0001
2008-03-01,23.1,72.5,2.3531076e+07,0,0001
2008-03-01,23.1,72.6,2.350242e+07,0,0001
2008-03-01,23.1,72.7,2.3494508e+07,0,0001
2008-03-01,23.0,72.5,2.3550396e+07,0,0001
2008-03-01,23.0,72.6,2.3521372e+07,0,0001
2008-03-01,23.0,72.7,2.3515824e+07,0,0001
2008-04-01,23.1,72.5,2.6346964e+07,0,0001
2008-04-01,23.1,72.6,2.6339346e+07,0,0001
2008-04-01,23.1,72.7,2.634739e+07,0,0001
2008-04-01,23.0,72.5,2.6309874e+07,0,0001
2008-04-01,23.0,72.6,2.6298948e+07,0,0001
2008-04-01,23.0,72.7,2.6307526e+07,0,0001
2008-05-01,23.1,72.5,2.6718112e+07,0,0001
2008-05-01,23.1,72.6,2.6729746e+07,0,0001
2008-05-01,23.1,72.7,2.6753084e+07,0,0001
2008-05-01,23.0,72.5,2.673245e+07,0,0001
2008-05-01,23.0,72.6,2.6736998e+07,0,0001
2008-05-01,23.0,72.7,2.6756324e+07,0,0001
2008-06-01,23.1,72.5,1.7556854e+07,0,0001
2008-06-01,23.1,72.6,1.7510556e+07,0,0001
2008-06-01,23.1,72.7,1.7437628e+07,0,0001
2008-06-01,23.0,72.5,1.7536512e+07,0,0001
2008-06-01,23.0,72.6,1.748104e+07,0,0001
2008-06-01,23.0,72.7,1.7398276e+07,0,0001
2008-07-01,23.1,72.5,1.3702884e+07,0,0001
2008-07-01,23.1,72.6,1.3695034e+07,0,0001
2008-07-01,23.1,72.7,1.369971e+07,0,0001
2008-07-01,23.0,72.5,1.3655032e+07,0,0001
2008-07-01,23.0,72.6,1.364504e+07,0,0001
2008-07-01,23.0,72.7,1.3645528e+07,0,0001
2008-08-01,23.1,72.5,1.282067e+07,0,0001
2008-08-01,23.1,72.6,1.2793806e+07,0,0001
2008-08-01,23.1,72.7,1.2795616e+07,0,0001
2008-08-01,23.0,72.5,1.2876598e+07,0,0001
2008-08-01,23.0,72.6,1.2865256e+07,0,0001
2008-08-01,23.0,72.7,1.2865546e+07,0,0001
2008-09-01,23.1,72.5,1.7214292e+07,0,0001
2008-09-01,23.1,72.6,1.714868e+07,0,0001
2008-09-01,23.1,72.7,1.7082026e+07,0,0001
2008-09-01,23.0,72.5,1.710103e+07,0,0001
2008-09-01,23.0,72.6,1.7032122e+07,0,0001
2008-09-01,23.0,72.7,1.6947714e+07,0,0001
2008-10-01,23.1,72.5,2.0160528e+07,0,0001
2008-10-01,23.1,72.6,2.0156828e+07,0,0001
2008-10-01,23.1,72.7,2.0152812e+07,0,0001
2008-10-01,23.0,72.5,2.0155638e+07,0,0001
2008-10-01,23.0,72.6,2.0149714e+07,0,0001
2008-10-01,23.0,72.7,2.0138288e+07,0,0001
2008-11-01,23.1,72.5,1.7341048e+07,0,0001
2008-11-01,23.1,72.6,1.731218e+07,0,0001
2008-11-01,23.1,72.7,1.7294436e+07,0,0001
2008-11-01,23.0,72.5,1.7359292e+07,0,0001
2008-11-01,23.0,72.6,1.7327844e+07,0,0001
2008-11-01,23.0,72.7,1.7309704e+07,0,0001
2008-12-01,23.1,72.5,1.5551916e+07,0,0001
2008-12-01,23.1,72.6,1.5552568e+07,0,0001
2008-12-01,23.1,72.7,1.5553072e+07,0,0001
2008-12-01,23.0,72.5,1.5586996e+07,0,0001
2008-12-01,23.0,72.6,1.5585912e+07,0,0001
2008-12-01,23.0,72.7,1.5585296e+07,0,0001
2009-01-01,23.1,72.5,1.6769464e+07,0,0001
2009-01-01,23.1,72.6,1.676044e+07,0,0001
2009-01-01,23.1,72.7,1.6759836e+07,0,0001
2009-01-01,23.0,72.5,1.6814236e+07,0,0001
2009-01-01,23.0,72.6,1.6800604e+07,0,0001
2009-01-01,23.0,72.7,1.679358e+07,0,0001
2009-02-01,23.1,72.5,2.0647448e+07,0,0001
2009-02-01,23.1,72.6,2.0648824e+07,0,0001
2009-02-01,23.1,72.7,2.0660722e+07,0,0001
2009-02-01,23.0,72.5,2.0683356e+07,0,0001
2009-02-01,23.0,72.6,2.0682196e+07,0,0001
2009-02-01,23.0,72.7,2.0693532e+07,0,0001
2009-03-01,23.1,72.5,2.3965756e+07,0,0001
2009-03-01,23.1,72.6,2.3965432e+07,0,0001
2009-03-01,23.1,72.7,2.3974652e+07,0,0001
2009-03-01,23.0,72.5,2.3996322e+07,0,0001
2009-03-01,23.0,72.6,2.3992864e+07,0,0001
2009-03-01,23.0,72.7,2.4000706e+07,0,0001
2009-04-01,23.1,72.5,2.665509e+07,0,0001
2009-04-01,23.1,72.6,2.6642654e+07,0,0001
2009-04-01,23.1,72.7,2.663893e+07,0,0001
2009-04-01,23.0,72.5,2.6652792e+07,0,0001
2009-04-01,23.0,72.6,2.6632696e+07,0,0001
2009-04-01,23.0,72.7,2.6628374e+07,0,0001
2009-05-01,23.1,72.5,2.6920746e+07,0,0001
2009-05-01,23.1,72.6,2.693268e+07,0,0001
2009-05-01,23.1,72.7,2.694078e+07,0,0001
2009-05-01,23.0,72.5,2.6911308e+07,0,0001
2009-05-01,23.0,72.6,2.6918906e+07,0,0001
2009-05-01,23.0,72.7,2.6924468e+07,0,0001
2009-06-01,23.1,72.5,2.2829236e+07,0,0001
2009-06-01,23.1,72.6,2.2862018e+07,0,0001
2009-06-01,23.1,72.7,2.2906006e+07,0,0001
2009-06-01,23.0,72.5,2.2849622e+07,0,0001
2009-06-01,23.0,72.6,2.2858202e+07,0,0001
2009-06-01,23.0,72.7,2.287996e+07,0,0001
2009-07-01,23.1,72.5,1.2713568e+07,0,0001
2009-07-01,23.1,72.6,1.2704984e+07,0,0001
2009-07-01,23.1,72.7,1.2677268e+07,0,0001
2009-07-01,23.0,72.5,1.2565398e+07,0,0001
2009-07-01,23.0,72.6,1.2581312e+07,0,0001
2009-07-01,23.0,72.7,1.2576466e+07,0,0001
2009-08-01,23.1,72.5,1.410291e+07,0,0001
2009-08-01,23.1,72.6,1.4062372e+07,0,0001
2009-08-01,23.1,72.7,1.4045946e+07,0,0001
2009-08-01,23.0,72.5,1.4165424e+07,0,0001
2009-08-01,23.0,72.6,1.4141832e+07,0,0001
2009-08-01,23.0,72.7,1.4129884e+07,0,0001
2009-09-01,23.1,72.5,2.0311186e+07,0,0001
2009-09-01,23.1,72.6,2.0303472e+07,0,0001
2009-09-01,23.1,72.7,2.0281796e+07,0,0001
2009-09-01,23.0,72.5,2.0280656e+07,0,0001
2009-09-01,23.0,72.6,2.0277148e+07,0,0001
2009-09-01,23.0,72.7,2.0247768e+07,0,0001
2009-10-01,23.1,72.5,2.026558e+07,0,0001
2009-10-01,23.1,72.6,2.0236118e+07,0,0001
2009-10-01,23.1,72.7,2.0222518e+07,0,0001
2009-10-01,23.0,72.5,2.028771e+07,0,0001
2009-10-01,23.0,72.6,2.0262846e+07,0,0001
2009-10-01,23.0,72.7,2.0251112e+07,0,0001
2009-11-01,23.1,72.5,1.7073464e+07,0,0001
2009-11-01,23.1,72.6,1.701588e+07,0,0001
2009-11-01,23.1,72.7,1.6967184e+07,0,0001
2009-11-01,23.0,72.5,1.7076004e+07,0,0001
2009-11-01,23.0,72.6,1.7013388e+07,0,0001
2009-11-01,23.0,72.7,1.6960748e+07,0,0001
2009-12-01,23.1,72.5,1.6186268e+07,0,0001
2009-12-01,23.1,72.6,1.6168444e+07,0,0001
2009-12-01,23.1,72.7,1.615864e+07,0,0001
2009-12-01,23.0,72.5,1.6196116e+07,0,0001
2009-12-01,23.0,72.6,1.6176388e+07,0,0001
2009-12-01,23.0,72.7,1.6168008e+07,0,0001
2010-01-01,23.1,72.5,1.759382e+07,0,0001
2010-01-01,23.1,72.6,1.7591176e+07,0,0001
2010-01-01,23.1,72.7,1.7586236e+07,0,0001
2010-01-01,23.0,72.5,1.7609904e+07,0,0001
2010-01-01,23.0,72.6,1.760808e+07,0,0001
2010-01-01,23.0,72.7,1.7602396e+07,0,0001
2010-02-01,23.1,72.5,2.0450248e+07,0,0001
2010-02-01,23.1,72.6,2.0428974e+07,0,0001
2010-02-01,23.1,72.7,2.041919e+07,0,0001
2010-02-01,23.0,72.5,2.0451732e+07,0,0001
2010-02-01,23.0,72.6,2.042885e+07,0,0001
2010-02-01,23.0,72.7,2.0418234e+07,0,0001
2010-03-01,23.1,72.5,2.4028016e+07,0,0001
2010-03-01,23.1,72.6,2.400872e+07,0,0001
2010-03-01,23.1,72.7,2.400836e+07,0,0001
2010-03-01,23.0,72.5,2.4034276e+07,0,0001
2010-03-01,23.0,72.6,2.4013612e+07,0,0001
2010-03-01,23.0,72.7,2.4014824e+07,0,0001
2010-04-01,23.1,72.5,2.6063358e+07,0,0001
2010-04-01,23.1,72.6,2.606972e+07,0,0001
2010-04-01,23.1,72.7,2.6092452e+07,0,0001
2010-04-01,23.0,72.5,2.6054978e+07,0,0001
2010-04-01,23.0,72.6,2.6058662e+07,0,0001
2010-04-01,23.0,72.7,2.6083082e+07,0,0001
2010-05-01,23.1,72.5,2.713588e+07,0,0001
2010-05-01,23.1,72.6,2.7114378e+07,0,0001
2010-05-01,23.1,72.7,2.7105676e+07,0,0001
2010-05-01,23.0,72.5,2.712017e+07,0,0001
2010-05-01,23.0,72.6,2.709702e+07,0,0001
2010-05-01,23.0,72.7,2.708911e+07,0,0001
2010-06-01,23.1,72.5,2.2282964e+07,0,0001
2010-06-01,23.1,72.6,2.2221644e+07,0,0001
2010-06-01,23.1,72.7,2.2141148e+07,0,0001
2010-06-01,23.0,72.5,2.2164548e+07,0,0001
2010-06-01,23.0,72.6,2.2102532e+07,0,0001
2010-06-01,23.0,72.7,2.2018708e+07,0,0001
2010-07-01,23.1,72.5,1.3739986e+07,0,0001
2010-07-01,23.1,72.6,1.3748572e+07,0,0001
2010-07-01,23.1,72.7,1.3743906e+07,0,0001
2010-07-01,23.0,72.5,1.3770554e+07,0,0001
2010-07-01,23.0,72.6,1.380875e+07,0,0001
2010-07-01,23.0,72.7,1.3809446e+07,0,0001
2010-08-01,23.1,72.5,1.2776604e+07,0,0001
2010-08-01,23.1,72.6,1.2777946e+07,0,0001
2010-08-01,23.1,72.7,1.277715e+07,0,0001
2010-08-01,23.0,72.5,1.2780286e+07,0,0001
2010-08-01,23.0,72.6,1.278966e+07,0,0001
2010-08-01,23.0,72.7,1.28022e+07,0,0001
2010-09-01,23.1,72.5,1.5909811e+07,0,0001
2010-09-01,23.1,72.6,1.5924279e+07,0,0001
2010-09-01,23.1,72.7,1.5896075e+07,0,0001
2010-09-01,23.0,72.5,1.5904431e+07,0,0001
2010-09-01,23.0,72.6,1.5924407e+07,0,0001
2010-09-01,23.0,72.7,1.5889393e+07,0,0001
2010-10-01,23.1,72.5,1.9908496e+07,0,0001
2010-10-01,23.1,72.6,1.990002e+07,0,0001
2010-10-01,23.1,72.7,1.9863546e+07,0,0001
2010-10-01,23.0,72.5,1.989128e+07,0,0001
2010-10-01,23.0,72.6,1.9886804e+07,0,0001
2010-10-01,23.0,72.7,1.9848448e+07,0,0001
2010-11-01,23.1,72.5,1.4925856e+07,0,0001
2010-11-01,23.1,72.6,1.4945212e+07,0,0001
2010-11-01,23.1,72.7,1.4961364e+07,0,0001
2010-11-01,23.0,72.5,1.494296e+07,0,0001
2010-11-01,23.0,72.6,1.4962468e+07,0,0001
2010-11-01,23.0,72.7,1.498026e+07,0,0001
2010-12-01,23.1,72.5,1.63435e+07,0,0001
2010-12-01,23.1,72.6,1.6318384e+07,0,0001
2010-12-01,23.1,72.7,1.6307912e+07,0,0001
2010-12-01,23.0,72.5,1.6380652e+07,0,0001
2010-12-01,23.0,72.6,1.6352556e+07,0,0001
2010-12-01,23.0,72.7,1.6342844e+07,0,0001
2011-01-01,23.1,72.5,1.7979836e+07,0,0001
2011-01-01,23.1,72.6,1.79777e+07,0,0001
2011-01-01,23.1,72.7,1.798468e+07,0,0001
2011-01-01,23.0,72.5,1.8005076e+07,0,0001
2011-01-01,23.0,72.6,1.8002692e+07,0,0001
2011-01-01,23.0,72.7,1.8011e+07,0,0001
2011-02-01,23.1,72.5,2.0358652e+07,0,0001
2011-02-01,23.1,72.6,2.036283e+07,0,0001
2011-02-01,23.1,72.7,2.037525e+07,0,0001
2011-02-01,23.0,72.5,2.039346e+07,0,0001
2011-02-01,23.0,72.6,2.0398112e+07,0,0001
2011-02-01,23.0,72.7,2.0413784e+07,0,0001
2011-03-01,23.1,72.5,2.4417552e+07,0,0001
2011-03-01,23.1,72.6,2.441415e+07,0,0001
2011-03-01,23.1,72.7,2.442127e+07,0,0001
2011-03-01,23.0,72.5,2.4436906e+07,0,0001
2011-03-01,23.0,72.6,2.4431348e+07,0,0001
2011-03-01,23.0,72.7,2.4438174e+07,0,0001
2011-04-01,23.1,72.5,2.6373372e+07,0,0001
2011-04-01,23.1,72.6,2.6353346e+07,0,0001
2011-04-01,23.1,72.7,2.6332054e+07,0,0001
2011-04-01,23.0,72.5,2.6367964e+07,0,0001
2011-04-01,23.0,72.6,2.6343764e+07,0,0001
2011-04-01,23.0,72.7,2.6318952e+07,0,0001
2011-05-01,23.1,72.5,2.6603154e+07,0,0001
2011-05-01,23.1,72.6,2.658035e+07,0,0001
2011-05-01,23.1,72.7,2.6573636e+07,0,0001
2011-05-01,23.0,72.5,2.6599948e+07,0,0001
2011-05-01,23.0,72.6,2.6571844e+07,0,0001
2011-05-01,23.0,72.7,2.65623e+07,0,0001
2011-06-01,23.1,72.5,1.826402e+07,0,0001
2011-06-01,23.1,72.6,1.811118e+07,0,0001
2011-06-01,23.1,72.7,1.80022e+07,0,0001
2011-06-01,23.0,72.5,1.818402e+07,0,0001
2011-06-01,23.0,72.6,1.8013832e+07,0,0001
2011-06-01,23.0,72.7,1.791724e+07,0,0001
2011-07-01,23.1,72.5,1.3127616e+07,0,0001
2011-07-01,23.1,72.6,1.3073724e+07,0,0001
2011-07-01,23.1,72.7,1.2999508e+07,0,0001
2011-07-01,23.0,72.5,1.3034172e+07,0,0001
2011-07-01,23.0,72.6,1.2990328e+07,0,0001
2011-07-01,23.0,72.7,1.292164e+07,0,0001
2011-08-01,23.1,72.5,1.0640842e+07,0,0001
2011-08-01,23.1,72.6,1.0553456e+07,0,0001
2011-08-01,23.1,72.7,1.046528e+07,0,0001
2011-08-01,23.0,72.5,1.0603442e+07,0,0001
2011-08-01,23.0,72.6,1.0520194e+07,0,0001
2011-08-01,23.0,72.7,1.043486e+07,0,0001
2011-09-01,23.1,72.5,1.4725633e+07,0,0001
2011-09-01,23.1,72.6,1.4654279e+07,0,0001
2011-09-01,23.1,72.7,1.4567771e+07,0,0001
2011-09-01,23.0,72.5,1.4826263e+07,0,0001
2011-09-01,23.0,72.6,1.4746619e+07,0,0001
2011-09-01,23.0,72.7,1.4645575e+07,0,0001
2011-10-01,23.1,72.5,1.9933004e+07,0,0001
2011-10-01,23.1,72.6,1.9949692e+07,0,0001
2011-10-01,23.1,72.7,1.9960006e+07,0,0001
2011-10-01,23.0,72.5,1.9912984e+07,0,0001
2011-10-01,23.0,72.6,1.9935924e+07,0,0001
2011-10-01,23.0,72.7,1.9944918e+07,0,0001
2011-11-01,23.1,72.5,1.719104e+07,0,0001
2011-11-01,23.1,72.6,1.7214392e+07,0,0001
2011-11-01,23.1,72.7,1.7243704e+07,0,0001
2011-11-01,23.0,72.5,1.718412e+07,0,0001
2011-11-01,23.0,72.6,1.72051e+07,0,0001
2011-11-01,23.0,72.7,1.7237404e+07,0,0001
2011-12-01,23.1,72.5,1.6638608e+07,0,0001
2011-12-01,23.1,72.6,1.6626204e+07,0,0001
2011-12-01,23.1,72.7,1.6622232e+07,0,0001
2011-12-01,23.0,72.5,1.6660036e+07,0,0001
2011-12-01,23.0,72.6,1.6646848e+07,0,0001
2011-12-01,23.0,72.7,1.6644204e+07,0,0001
2012-01-01,23.1,72.5,1.7692564e+07,0,0001
2012-01-01,23.1,72.6,1.7672128e+07,0,0001
2012-01-01,23.1,72.7,1.766872e+07,0,0001
2012-01-01,23.0,72.5,1.7741712e+07,0,0001
2012-01-01,23.0,72.6,1.77211e+07,0,0001
2012-01-01,23.0,72.7,1.7720056e+07,0,0001
2012-02-01,23.1,72.5,2.0996414e+07,0,0001
2012-02-01,23.1,72.6,2.0982216e+07,0,0001
2012-02-01,23.1,72.7,2.0979886e+07,0,0001
2012-02-01,23.0,72.5,2.1018832e+07,0,0001
2012-02-01,23.0,72.6,2.100322e+07,0,0001
2012-02-01,23.0,72.7,2.1001914e+07,0,0001
2012-03-01,23.1,72.5,2.4815332e+07,0,0001
2012-03-01,23.1,72.6,2.4809212e+07,0,0001
2012-03-01,23.1,72.7,2.4814612e+07,0,0001
2012-03-01,23.0,72.5,2.4829004e+07,0,0001
2012-03-01,23.0,72.6,2.48203e+07,0,0001
2012-03-01,23.0,72.7,2.4825364e+07,0,0001
2012-04-01,23.1,72.5,2.551164e+07,0,0001
2012-04-01,23.1,72.6,2.548287e+07,0,0001
2012-04-01,23.1,72.7,2.5475744e+07,0,0001
2012-04-01,23.0,72.5,2.5530466e+07,0,0001
2012-04-01,23.0,72.6,2.5498734e+07,0,0001
2012-04-01,23.0,72.7,2.5492378e+07,0,0001
2012-05-01,23.1,72.5,2.7158686e+07,0,0001
2012-05-01,23.1,72.6,2.7164784e+07,0,0001
2012-05-01,23.1,72.7,2.7164324e+07,0,0001
2012-05-01,23.0,72.5,2.7146584e+07,0,0001
2012-05-01,23.0,72.6,2.715222e+07,0,0001
2012-05-01,23.0,72.7,2.7149978e+07,0,0001
2012-06-01,23.1,72.5,2.1811492e+07,0,0001
2012-06-01,23.1,72.6,2.1736642e+07,0,0001
2012-06-01,23.1,72.7,2.1652712e+07,0,0001
2012-06-01,23.0,72.5,2.1721704e+07,0,0001
2012-06-01,23.0,72.6,2.163705e+07,0,0001
2012-06-01,23.0,72.7,2.1555318e+07,0,0001
2012-07-01,23.1,72.5,1.2946552e+07,0,0001
2012-07-01,23.1,72.6,1.2901652e+07,0,0001
2012-07-01,23.1,72.7,1.2856004e+07,0,0001
2012-07-01,23.0,72.5,1.2856032e+07,0,0001
2012-07-01,23.0,72.6,1.2814366e+07,0,0001
2012-07-01,23.0,72.7,1.2766268e+07,0,0001
2012-08-01,23.1,72.5,1.266087e+07,0,0001
2012-08-01,23.1,72.6,1.2547842e+07,0,0001
2012-08-01,23.1,72.7,1.2428346e+07,0,0001
2012-08-01,23.0,72.5,1.2749506e+07,0,0001
2012-08-01,23.0,72.6,1.2641968e+07,0,0001
2012-08-01,23.0,72.7,1.2515632e+07,0,0001
2012-09-01,23.1,72.5,1.4398566e+07,0,0001
2012-09-01,23.1,72.6,1.436101e+07,0,0001
2012-09-01,23.1,72.7,1.4321248e+07,0,0001
2012-09-01,23.0,72.5,1.4429556e+07,0,0001
2012-09-01,23.0,72.6,1.4408492e+07,0,0001
2012-09-01,23.0,72.7,1.4364854e+07,0,0001
2012-10-01,23.1,72.5,2.0329624e+07,0,0001
2012-10-01,23.1,72.6,2.0337098e+07,0,0001
2012-10-01,23.1,72.7,2.0331188e+07,0,0001
2012-10-01,23.0,72.5,2.0309792e+07,0,0001
2012-10-01,23.0,72.6,2.0328382e+07,0,0001
2012-10-01,23.0,72.7,2.0324396e+07,0,0001
2012-11-01,23.1,72.5,1.8106668e+07,0,0001
2012-11-01,23.1,72.6,1.8093192e+07,0,0001
2012-11-01,23.1,72.7,1.8083252e+07,0,0001
2012-11-01,23.0,72.5,1.8131888e+07,0,0001
2012-11-01,23.0,72.6,1.8116172e+07,0,0001
2012-11-01,23.0,72.7,1.8105012e+07,0,0001
2012-12-01,23.1,72.5,1.6243728e+07,0,0001
2012-12-01,23.1,72.6,1.6252512e+07,0,0001
2012-12-01,23.1,72.7,1.6269504e+07,0,0001
2012-12-01,23.0,72.5,1.62762e+07,0,0001
2012-12-01,23.0,72.6,1.6282912e+07,0,0001
2012-12-01,23.0,72.7,1.629926e+07,0,0001
2013-01-01,23.1,72.5,1.7793224e+07,0,0001
2013-01-01,23.1,72.6,1.77782e+07,0,0001
2013-01-01,23.1,72.7,1.777584e+07,0,0001
2013-01-01,23.0,72.5,1.781842e+07,0,0001
2013-01-01,23.0,72.6,1.7801336e+07,0,0001
2013-01-01,23.0,72.7,1.7798892e+07,0,0001
2013-02-01,23.1,72.5,2.0292762e+07,0,0001
2013-02-01,23.1,72.6,2.026902e+07,0,0001
2013-02-01,23.1,72.7,2.0256696e+07,0,0001
2013-02-01,23.0,72.5,2.0317526e+07,0,0001
2013-02-01,23.0,72.6,2.029305e+07,0,0001
2013-02-01,23.0,72.7,2.027866e+07,0,0001
2013-03-01,23.1,72.5,2.384488e+07,0,0001
2013-03-01,23.1,72.6,2.3852354e+07,0,0001
2013-03-01,23.1,72.7,2.3869272e+07,0,0001
2013-03-01,23.0,72.5,2.3876384e+07,0,0001
2013-03-01,23.0,72.6,2.388128e+07,0,0001
2013-03-01,23.0,72.7,2.3897876e+07,0,0001
2013-04-01,23.1,72.5,2.5946496e+07,0,0001
2013-04-01,23.1,72.6,2.5952144e+07,0,0001
2013-04-01,23.1,72.7,2.5960296e+07,0,0001
2013-04-01,23.0,72.5,2.5967552e+07,0,0001
2013-04-01,23.0,72.6,2.597154e+07,0,0001
2013-04-01,23.0,72.7,2.597938e+07,0,0001
2013-05-01,23.1,72.5,2.6701056e+07,0,0001
2013-05-01,23.1,72.6,2.669243e+07,0,0001
2013-05-01,23.1,72.7,2.6702702e+07,0,0001
2013-05-01,23.0,72.5,2.6669984e+07,0,0001
2013-05-01,23.0,72.6,2.665991e+07,0,0001
2013-05-01,23.0,72.7,2.6673428e+07,0,0001
2013-06-01,23.1,72.5,1.8317472e+07,0,0001
2013-06-01,23.1,72.6,1.8216176e+07,0,0001
2013-06-01,23.1,72.7,1.8077856e+07,0,0001
2013-06-01,23.0,72.5,1.8176876e+07,0,0001
2013-06-01,23.0,72.6,1.8068424e+07,0,0001
2013-06-01,23.0,72.7,1.7922728e+07,0,0001
2013-07-01,23.1,72.5,1.0816284e+07,0,0001
2013-07-01,23.1,72.6,1.0690776e+07,0,0001
2013-07-01,23.1,72.7,1.0581034e+07,0,0001
2013-07-01,23.0,72.5,1.073574e+07,0,0001
2013-07-01,23.0,72.6,1.0614766e+07,0,0001
2013-07-01,23.0,72.7,1.0510932e+07,0,0001
2013-08-01,23.1,72.5,1.215071e+07,0,0001
2013-08-01,23.1,72.6,1.2111086e+07,0,0001
2013-08-01,23.1,72.7,1.2000784e+07,0,0001
2013-08-01,23.0,72.5,1.211395e+07,0,0001
2013-08-01,23.0,72.6,1.2093464e+07,0,0001
2013-08-01,23.0,72.7,1.1982102e+07,0,0001
2013-09-01,23.1,72.5,1.6400671e+07,0,0001
2013-09-01,23.1,72.6,1.6414333e+07,0,0001
2013-09-01,23.1,72.7,1.6439181e+07,0,0001
2013-09-01,23.0,72.5,1.6451269e+07,0,0001
2013-09-01,23.0,72.6,1.6459421e+07,0,0001
2013-09-01,23.0,72.7,1.6486153e+07,0,0001
2013-10-01,23.1,72.5,1.816127e+07,0,0001
2013-10-01,23.1,72.6,1.812646e+07,0,0001
2013-10-01,23.1,72.7,1.8085512e+07,0,0001
2013-10-01,23.0,72.5,1.8093726e+07,0,0001
2013-10-01,23.0,72.6,1.8066552e+07,0,0001
2013-10-01,23.0,72.7,1.802941e+07,0,0001
2013-11-01,23.1,72.5,1.7721e+07,0,0001
2013-11-01,23.1,72.6,1.770998e+07,0,0001
2013-11-01,23.1,72.7,1.769884e+07,0,0001
2013-11-01,23.0,72.5,1.774538e+07,0,0001
2013-11-01,23.0,72.6,1.77331e+07,0,0001
2013-11-01,23.0,72.7,1.7719436e+07,0,0001
2013-12-01,23.1,72.5,1.6541332e+07,0,0001
2013-12-01,23.1,72.6,1.6513944e+07,0,0001
2013-12-01,23.1,72.7,1.6488636e+07,0,0001
2013-12-01,23.0,72.5,1.6566564e+07,0,0001
2013-12-01,23.0,72.6,1.6538772e+07,0,0001
2013-12-01,23.0,72.7,1.6513188e+07,0,0001
2014-01-01,23.1,72.5,1.690804e+07,0,0001
2014-01-01,23.1,72.6,1.6851912e+07,0,0001
2014-01-01,23.1,72.7,1.6802548e+07,0,0001
2014-01-01,23.0,72.5,1.6947152e+07,0,0001
2014-01-01,23.0,72.6,1.6890448e+07,0,0001
2014-01-01,23.0,72.7,1.6835756e+07,0,0001
2014-02-01,23.1,72.5,1.9833012e+07,0,0001
2014-02-01,23.1,72.6,1.9806798e+07,0,0001
2014-02-01,23.1,72.7,1.9805962e+07,0,0001
2014-02-01,23.0,72.5,1.9893082e+07,0,0001
2014-02-01,23.0,72.6,1.9868572e+07,0,0001
2014-02-01,23.0,72.7,1.9869894e+07,0,0001
2014-03-01,23.1,72.5,2.3858608e+07,0,0001
2014-03-01,23.1,72.6,2.3839956e+07,0,0001
2014-03-01,23.1,72.7,2.3834336e+07,0,0001
2014-03-01,23.0,72.5,2.3824796e+07,0,0001
2014-03-01,23.0,72.6,2.380062e+07,0,0001
2014-03-01,23.0,72.7,2.3794824e+07,0,0001
2014-04-01,23.1,72.5,2.642791e+07,0,0001
2014-04-01,23.1,72.6,2.6425606e+07,0,0001
2014-04-01,23.1,72.7,2.6431644e+07,0,0001
2014-04-01,23.0,72.5,2.6419832e+07,0,0001
2014-04-01,23.0,72.6,2.6415842e+07,0,0001
2014-04-01,23.0,72.7,2.6422708e+07,0,0001
2014-05-01,23.1,72.5,2.6671494e+07,0,0001
2014-05-01,23.1,72.6,2.668023e+07,0,0001
2014-05-01,23.1,72.7,2.6686584e+07,0,0001
2014-05-01,23.0,72.5,2.6685388e+07,0,0001
2014-05-01,23.0,72.6,2.6695204e+07,0,0001
2014-05-01,23.0,72.7,2.6700716e+07,0,0001
2014-06-01,23.1,72.5,2.3086586e+07,0,0001
2014-06-01,23.1,72.6,2.3027722e+07,0,0001
2014-06-01,23.1,72.7,2.2968e+07,0,0001
2014-06-01,23.0,72.5,2.30482e+07,0,0001
2014-06-01,23.0,72.6,2.2979656e+07,0,0001
2014-06-01,23.0,72.7,2.2913934e+07,0,0001
2014-07-01,23.1,72.5,1.375674e+07,0,0001
2014-07-01,23.1,72.6,1.3682272e+07,0,0001
2014-07-01,23.1,72.7,1.3639632e+07,0,0001
2014-07-01,23.0,72.5,1.3804612e+07,0,0001
2014-07-01,23.0,72.6,1.373805e+07,0,0001
2014-07-01,23.0,72.7,1.3688836e+07,0,0001
2014-08-01,23.1,72.5,1.5059458e+07,0,0001
2014-08-01,23.1,72.6,1.511547e+07,0,0001
2014-08-01,23.1,72.7,1.5156256e+07,0,0001
2014-08-01,23.0,72.5,1.5025786e+07,0,0001
2014-08-01,23.0,72.6,1.5105462e+07,0,0001
2014-08-01,23.0,72.7,1.514998e+07,0,0001
2014-09-01,23.1,72.5,1.5409551e+07,0,0001
2014-09-01,23.1,72.6,1.5389739e+07,0,0001
2014-09-01,23.1,72.7,1.5360961e+07,0,0001
2014-09-01,23.0,72.5,1.5364947e+07,0,0001
2014-09-01,23.0,72.6,1.5347625e+07,0,0001
2014-09-01,23.0,72.7,1.5311531e+07,0,0001
2014-10-01,23.1,72.5,1.9885538e+07,0,0001
2014-10-01,23.1,72.6,1.9893636e+07,0,0001
2014-10-01,23.1,72.7,1.9899836e+07,0,0001
2014-10-01,23.0,72.5,1.9916828e+07,0,0001
2014-10-01,23.0,72.6,1.9931916e+07,0,0001
2014-10-01,23.0,72.7,1.9939202e+07,0,0001
2014-11-01,23.1,72.5,1.7317252e+07,0,0001
2014-11-01,23.1,72.6,1.7316632e+07,0,0001
2014-11-01,23.1,72.7,1.7324536e+07,0,0001
2014-11-01,23.0,72.5,1.7342432e+07,0,0001
2014-11-01,23.0,72.6,1.7342352e+07,0,0001
2014-11-01,23.0,72.7,1.7349876e+07,0,0001
2014-12-01,23.1,72.5,1.6436252e+07,0,0001
2014-12-01,23.1,72.6,1.641352e+07,0,0001
2014-12-01,23.1,72.7,1.6402492e+07,0,0001
2014-12-01,23.0,72.5,1.6451248e+07,0,0001
2014-12-01,23.0,72.6,1.6426532e+07,0,0001
2014-12-01,23.0,72.7,1.641706e+07,0,0001
2015-01-01,23.1,72.5,1.6760404e+07,0,0001
2015-01-01,23.1,72.6,1.6743176e+07,0,0001
2015-01-01,23.1,72.7,1.675156e+07,0,0001
2015-01-01,23.0,72.5,1.6819192e+07,0,0001
2015-01-01,23.0,72.6,1.6801228e+07,0,0001
2015-01-01,23.0,72.7,1.6810944e+07,0,0001
2015-02-01,23.1,72.5,2.0423018e+07,0,0001
2015-02-01,23.1,72.6,2.0414046e+07,0,0001
2015-02-01,23.1,72.7,2.0410852e+07,0,0001
2015-02-01,23.0,72.5,2.044055e+07,0,0001
2015-02-01,23.0,72.6,2.0430138e+07,0,0001
2015-02-01,23.0,72.7,2.0426056e+07,0,0001
2015-03-01,23.1,72.5,2.262565e+07,0,0001
2015-03-01,23.1,72.6,2.2617568e+07,0,0001
2015-03-01,23.1,72.7,2.2630116e+07,0,0001
2015-03-01,23.0,72.5,2.2659566e+07,0,0001
2015-03-01,23.0,72.6,2.2651998e+07,0,0001
2015-03-01,23.0,72.7,2.2665744e+07,0,0001
2015-04-01,23.1,72.5,2.58059e+07,0,0001
2015-04-01,23.1,72.6,2.5780556e+07,0,0001
2015-04-01,23.1,72.7,2.5763338e+07,0,0001
2015-04-01,23.0,72.5,2.5787712e+07,0,0001
2015-04-01,23.0,72.6,2.575867e+07,0,0001
2015-04-01,23.0,72.7,2.574297e+07,0,0001
2015-05-01,23.1,72.5,2.7086112e+07,0,0001
2015-05-01,23.1,72.6,2.7092284e+07,0,0001
2015-05-01,23.1,72.7,2.7094406e+07,0,0001
2015-05-01,23.0,72.5,2.7079246e+07,0,0001
2015-05-01,23.0,72.6,2.7084674e+07,0,0001
2015-05-01,23.0,72.7,2.7087502e+07,0,0001
2015-06-01,23.1,72.5,2.039574e+07,0,0001
2015-06-01,23.1,72.6,2.0314932e+07,0,0001
2015-06-01,23.1,72.7,2.0217282e+07,0,0001
2015-06-01,23.0,72.5,2.025941e+07,0,0001
2015-06-01,23.0,72.6,2.0180016e+07,0,0001
2015-06-01,23.0,72.7,2.009259e+07,0,0001
2015-07-01,23.1,72.5,1.2650206e+07,0,0001
2015-07-01,23.1,72.6,1.2509508e+07,0,0001
2015-07-01,23.1,72.7,1.2399156e+07,0,0001
2015-07-01,23.0,72.5,1.2649956e+07,0,0001
2015-07-01,23.0,72.6,1.2505266e+07,0,0001
2015-07-01,23.0,72.7,1.2409972e+07,0,0001
2015-08-01,23.1,72.5,1.472117e+07,0,0001
2015-08-01,23.1,72.6,1.4684196e+07,0,0001
2015-08-01,23.1,72.7,1.46353e+07,0,0001
2015-08-01,23.0,72.5,1.4838222e+07,0,0001
2015-08-01,23.0,72.6,1.4811158e+07,0,0001
2015-08-01,23.0,72.7,1.476466e+07,0,0001
2015-09-01,23.1,72.5,1.9042206e+07,0,0001
2015-09-01,23.1,72.6,1.898328e+07,0,0001
2015-09-01,23.1,72.7,1.891442e+07,0,0001
2015-09-01,23.0,72.5,1.8998836e+07,0,0001
2015-09-01,23.0,72.6,1.8937196e+07,0,0001
2015-09-01,23.0,72.7,1.886722e+07,0,0001
2015-10-01,23.1,72.5,1.9919818e+07,0,0001
2015-10-01,23.1,72.6,1.9904122e+07,0,0001
2015-10-01,23.1,72.7,1.9911068e+07,0,0001
2015-10-01,23.0,72.5,1.9894664e+07,0,0001
2015-10-01,23.0,72.6,1.9875178e+07,0,0001
2015-10-01,23.0,72.7,1.9883252e+07,0,0001
2015-11-01,23.1,72.5,1.7438132e+07,0,0001
2015-11-01,23.1,72.6,1.742452e+07,0,0001
2015-11-01,23.1,72.7,1.7406132e+07,0,0001
2015-11-01,23.0,72.5,1.7472288e+07,0,0001
2015-11-01,23.0,72.6,1.745706e+07,0,0001
2015-11-01,23.0,72.7,1.743586e+07,0,0001
2015-12-01,23.1,72.5,1.679252e+07,0,0001
2015-12-01,23.1,72.6,1.6782972e+07,0,0001
2015-12-01,23.1,72.7,1.6778712e+07,0,0001
2015-12-01,23.0,72.5,1.6814292e+07,0,0001
2015-12-01,23.0,72.6,1.6804152e+07,0,0001
2015-12-01,23.0,72.7,1.6800444e+07,0,0001
2016-01-01,23.1,72.5,1.7498176e+07,0,0001
2016-01-01,23.1,72.6,1.7471644e+07,0,0001
2016-01-01,23.1,72.7,1.7457528e+07,0,0001
2016-01-01,23.0,72.5,1.7528708e+07,0,0001
2016-01-01,23.0,72.6,1.7503116e+07,0,0001
2016-01-01,23.0,72.7,1.7490724e+07,0,0001
2016-02-01,23.1,72.5,2.0341774e+07,0,0001
2016-02-01,23.1,72.6,2.0342694e+07,0,0001
2016-02-01,23.1,72.7,2.0348274e+07,0,0001
2016-02-01,23.0,72.5,2.0347306e+07,0,0001
2016-02-01,23.0,72.6,2.034447e+07,0,0001
2016-02-01,23.0,72.7,2.0348438e+07,0,0001
2016-03-01,23.1,72.5,2.3691932e+07,0,0001
2016-03-01,23.1,72.6,2.368766e+07,0,0001
2016-03-01,23.1,72.7,2.3689584e+07,0,0001
2016-03-01,23.0,72.5,2.3698936e+07,0,0001
2016-03-01,23.0,72.6,2.3691436e+07,0,0001
2016-03-01,23.0,72.7,2.3692148e+07,0,0001
2016-04-01,23.1,72.5,2.5789486e+07,0,0001
2016-04-01,23.1,72.6,2.5750196e+07,0,0001
2016-04-01,23.1,72.7,2.5733662e+07,0,0001
2016-04-01,23.0,72.5,2.5753796e+07,0,0001
2016-04-01,23.0,72.6,2.5708088e+07,0,0001
2016-04-01,23.0,72.7,2.5693738e+07,0,0001
2016-05-01,23.1,72.5,2.6056456e+07,0,0001
2016-05-01,23.1,72.6,2.6037946e+07,0,0001
2016-05-01,23.1,72.7,2.601554e+07,0,0001
2016-05-01,23.0,72.5,2.6041656e+07,0,0001
2016-05-01,23.0,72.6,2.6022538e+07,0,0001
2016-05-01,23.0,72.7,2.6000444e+07,0,0001
2016-06-01,23.1,72.5,2.121047e+07,0,0001
2016-06-01,23.1,72.6,2.111059e+07,0,0001
2016-06-01,23.1,72.7,2.1036702e+07,0,0001
2016-06-01,23.0,72.5,2.1203934e+07,0,0001
2016-06-01,23.0,72.6,2.1082636e+07,0,0001
2016-06-01,23.0,72.7,2.0999138e+07,0,0001
2016-07-01,23.1,72.5,1.1810128e+07,0,0001
2016-07-01,23.1,72.6,1.1800084e+07,0,0001
2016-07-01,23.1,72.7,1.175551e+07,0,0001
2016-07-01,23.0,72.5,1.1897822e+07,0,0001
2016-07-01,23.0,72.6,1.1905342e+07,0,0001
2016-07-01,23.0,72.7,1.18557e+07,0,0001
2016-08-01,23.1,72.5,9.471578e+06,0,0001
2016-08-01,23.1,72.6,9.436e+06,0,0001
2016-08-01,23.1,72.7,9.388512e+06,0,0001
2016-08-01,23.0,72.5,9.467792e+06,0,0001
2016-08-01,23.0,72.6,9.436952e+06,0,0001
2016-08-01,23.0,72.7,9.393004e+06,0,0001
2016-09-01,23.1,72.5,1.7823298e+07,0,0001
2016-09-01,23.1,72.6,1.779371e+07,0,0001
2016-09-01,23.1,72.7,1.7746952e+07,0,0001
2016-09-01,23.0,72.5,1.7807782e+07,0,0001
2016-09-01,23.0,72.6,1.7776632e+07,0,0001
2016-09-01,23.0,72.7,1.7718416e+07,0,0001
2016-10-01,23.1,72.5,1.7331704e+07,0,0001
2016-10-01,23.1,72.6,1.7272088e+07,0,0001
2016-10-01,23.1,72.7,1.7234538e+07,0,0001
2016-10-01,23.0,72.5,1.7308844e+07,0,0001
2016-10-01,23.0,72.6,1.724452e+07,0,0001
2016-10-01,23.0,72.7,1.7201452e+07,0,0001
2016-11-01,23.1,72.5,1.8298448e+07,0,0001
2016-11-01,23.1,72.6,1.829398e+07,0,0001
2016-11-01,23.1,72.7,1.8296996e+07,0,0001
2016-11-01,23.0,72.5,1.831744e+07,0,0001
2016-11-01,23.0,72.6,1.8311708e+07,0,0001
2016-11-01,23.0,72.7,1.8315016e+07,0,0001
2016-12-01,23.1,72.5,1.6708952e+07,0,0001
2016-12-01,23.1,72.6,1.6708044e+07,0,0001
2016-12-01,23.1,72.7,1.6714324e+07,0,0001
2016-12-01,23.0,72.5,1.6739972e+07,0,0001
2016-12-01,23.0,72.6,1.6738348e+07,0,0001
2016-12-01,23.0,72.7,1.674516e+07,0,0001
2017-01-01,23.1,72.5,1.7290852e+07,0,0001
2017-01-01,23.1,72.6,1.7258524e+07,0,0001
2017-01-01,23.1,72.7,1.7236636e+07,0,0001
2017-01-01,23.0,72.5,1.7329028e+07,0,0001
2017-01-01,23.0,72.6,1.7297132e+07,0,0001
2017-01-01,23.0,72.7,1.7277324e+07,0,0001
2017-02-01,23.1,72.5,2.0693666e+07,0,0001
2017-02-01,23.1,72.6,2.0681896e+07,0,0001
2017-02-01,23.1,72.7,2.068034e+07,0,0001
2017-02-01,23.0,72.5,2.0715444e+07,0,0001
2017-02-01,23.0,72.6,2.07021e+07,0,0001
2017-02-01,23.0,72.7,2.0701248e+07,0,0001
2017-03-01,23.1,72.5,2.4182876e+07,0,0001
2017-03-01,23.1,72.6,2.417772e+07,0,0001
2017-03-01,23.1,72.7,2.4178492e+07,0,0001
2017-03-01,23.0,72.5,2.4202896e+07,0,0001
2017-03-01,23.0,72.6,2.419552e+07,0,0001
2017-03-01,23.0,72.7,2.4195532e+07,0,0001
2017-04-01,23.1,72.5,2.69233e+07,0,0001
2017-04-01,23.1,72.6,2.6927912e+07,0,0001
2017-04-01,23.1,72.7,2.6937528e+07,0,0001
2017-04-01,23.0,72.5,2.6926364e+07,0,0001
2017-04-01,23.0,72.6,2.6928808e+07,0,0001
2017-04-01,23.0,72.7,2.6938566e+07,0,0001
2017-05-01,23.1,72.5,2.6876716e+07,0,0001
2017-05-01,23.1,72.6,2.6861928e+07,0,0001
2017-05-01,23.1,72.7,2.6848242e+07,0,0001
2017-05-01,23.0,72.5,2.685092e+07,0,0001
2017-05-01,23.0,72.6,2.6832964e+07,0,0001
2017-05-01,23.0,72.7,2.6818168e+07,0,0001
2017-06-01,23.1,72.5,2.013307e+07,0,0001
2017-06-01,23.1,72.6,2.0107786e+07,0,0001
2017-06-01,23.1,72.7,2.0066776e+07,0,0001
2017-06-01,23.0,72.5,2.0146756e+07,0,0001
2017-06-01,23.0,72.6,2.012011e+07,0,0001
2017-06-01,23.0,72.7,2.0073896e+07,0,0001
2017-07-01,23.1,72.5,1.0434586e+07,0,0001
2017-07-01,23.1,72.6,1.0477128e+07,0,0001
2017-07-01,23.1,72.7,1.049076e+07,0,0001
2017-07-01,23.0,72.5,1.054556e+07,0,0001
2017-07-01,23.0,72.6,1.059991e+07,0,0001
2017-07-01,23.0,72.7,1.0617434e+07,0,0001
2017-08-01,23.1,72.5,1.4482892e+07,0,0001
2017-08-01,23.1,72.6,1.449686e+07,0,0001
2017-08-01,23.1,72.7,1.449744e+07,0,0001
2017-08-01,23.0,72.5,1.455206e+07,0,0001
2017-08-01,23.0,72.6,1.4579758e+07,0,0001
2017-08-01,23.0,72.7,1.457585e+07,0,0001
2017-09-01,23.1,72.5,1.8297168e+07,0,0001
2017-09-01,23.1,72.6,1.8235126e+07,0,0001
2017-09-01,23.1,72.7,1.8172246e+07,0,0001
2017-09-01,23.0,72.5,1.827664e+07,0,0001
2017-09-01,23.0,72.6,1.8221062e+07,0,0001
2017-09-01,23.0,72.7,1.8162336e+07,0,0001
2017-10-01,23.1,72.5,1.9868656e+07,0,0001
2017-10-01,23.1,72.6,1.9857496e+07,0,0001
2017-10-01,23.1,72.7,1.984562e+07,0,0001
2017-10-01,23.0,72.5,1.988904e+07,0,0001
2017-10-01,23.0,72.6,1.987925e+07,0,0001
2017-10-01,23.0,72.7,1.9869936e+07,0,0001
2017-11-01,23.1,72.5,1.7827268e+07,0,0001
2017-11-01,23.1,72.6,1.7802448e+07,0,0001
2017-11-01,23.1,72.7,1.7790704e+07,0,0001
2017-11-01,23.0,72.5,1.7871408e+07,0,0001
2017-11-01,23.0,72.6,1.7844352e+07,0,0001
2017-11-01,23.0,72.7,1.7831452e+07,0,0001
2017-12-01,23.1,72.5,1.404748e+07,0,0001
2017-12-01,23.1,72.6,1.403216e+07,0,0001
2017-12-01,23.1,72.7,1.4043376e+07,0,0001
2017-12-01,23.0,72.5,1.405952e+07,0,0001
2017-12-01,23.0,72.6,1.4042808e+07,0,0001
2017-12-01,23.0,72.7,1.4060084e+07,0,0001
2018-01-01,23.1,72.5,1.759632e+07,0,0001
2018-01-01,23.1,72.6,1.7589456e+07,0,0001
2018-01-01,23.1,72.7,1.7589244e+07,0,0001
2018-01-01,23.0,72.5,1.7597856e+07,0,0001
2018-01-01,23.0,72.6,1.7590972e+07,0,0001
2018-01-01,23.0,72.7,1.7592532e+07,0,0001
2018-02-01,23.1,72.5,1.9886572e+07,0,0001
2018-02-01,23.1,72.6,1.986844e+07,0,0001
2018-02-01,23.1,72.7,1.9863604e+07,0,0001
2018-02-01,23.0,72.5,1.990195e+07,0,0001
2018-02-01,23.0,72.6,1.9886012e+07,0,0001
2018-02-01,23.0,72.7,1.988404e+07,0,0001
2018-03-01,23.1,72.5,2.3893616e+07,0,0001
2018-03-01,23.1,72.6,2.3863924e+07,0,0001
2018-03-01,23.1,72.7,2.386266e+07,0,0001
2018-03-01,23.0,72.5,2.390578e+07,0,0001
2018-03-01,23.0,72.6,2.3870628e+07,0,0001
2018-03-01,23.0,72.7,2.3866292e+07,0,0001
2018-04-01,23.1,72.5,2.6316906e+07,0,0001
2018-04-01,23.1,72.6,2.6327648e+07,0,0001
2018-04-01,23.1,72.7,2.633417e+07,0,0001
2018-04-01,23.0,72.5,2.6337634e+07,0,0001
2018-04-01,23.0,72.6,2.634511e+07,0,0001
2018-04-01,23.0,72.7,2.6348242e+07,0,0001
2018-05-01,23.1,72.5,2.751778e+07,0,0001
2018-05-01,23.1,72.6,2.7499714e+07,0,0001
2018-05-01,23.1,72.7,2.748399e+07,0,0001
2018-05-01,23.0,72.5,2.7508482e+07,0,0001
2018-05-01,23.0,72.6,2.7489048e+07,0,0001
2018-05-01,23.0,72.7,2.7471232e+07,0,0001
2018-06-01,23.1,72.5,2.16252e+07,0,0001
2018-06-01,23.1,72.6,2.1453672e+07,0,0001
2018-06-01,23.1,72.7,2.1334498e+07,0,0001
2018-06-01,23.0,72.5,2.1613428e+07,0,0001
2018-06-01,23.0,72.6,2.1431212e+07,0,0001
2018-06-01,23.0,72.7,2.1313696e+07,0,0001
2018-07-01,23.1,72.5,1.1470966e+07,0,0001
2018-07-01,23.1,72.6,1.147724e+07,0,0001
2018-07-01,23.1,72.7,1.147689e+07,0,0001
2018-07-01,23.0,72.5,1.1435706e+07,0,0001
2018-07-01,23.0,72.6,1.1440836e+07,0,0001
2018-07-01,23.0,72.7,1.1441134e+07,0,0001
2018-08-01,23.1,72.5,1.1236862e+07,0,0001
2018-08-01,23.1,72.6,1.1131718e+07,0,0001
2018-08-01,23.1,72.7,1.1057032e+07,0,0001
2018-08-01,23.0,72.5,1.1367874e+07,0,0001
2018-08-01,23.0,72.6,1.1260586e+07,0,0001
2018-08-01,23.0,72.7,1.118281e+07,0,0001
2018-09-01,23.1,72.5,1.708234e+07,0,0001
2018-09-01,23.1,72.6,1.6998606e+07,0,0001
2018-09-01,23.1,72.7,1.6921974e+07,0,0001
2018-09-01,23.0,72.5,1.7191516e+07,0,0001
2018-09-01,23.0,72.6,1.7114488e+07,0,0001
2018-09-01,23.0,72.7,1.7034594e+07,0,0001
2018-10-01,23.1,72.5,1.9800648e+07,0,0001
2018-10-01,23.1,72.6,1.9767872e+07,0,0001
2018-10-01,23.1,72.7,1.979865e+07,0,0001
2018-10-01,23.0,72.5,1.980296e+07,0,0001
2018-10-01,23.0,72.6,1.9761732e+07,0,0001
2018-10-01,23.0,72.7,1.9792002e+07,0,0001
2018-11-01,23.1,72.5,1.7679252e+07,0,0001
2018-11-01,23.1,72.6,1.7661956e+07,0,0001
2018-11-01,23.1,72.7,1.765162e+07,0,0001
2018-11-01,23.0,72.5,1.7692712e+07,0,0001
2018-11-01,23.0,72.6,1.7672688e+07,0,0001
2018-11-01,23.0,72.7,1.7662092e+07,0,0001
2018-12-01,23.1,72.5,1.6416504e+07,0,0001
2018-12-01,23.1,72.6,1.6419088e+07,0,0001
2018-12-01,23.1,72.7,1.6425608e+07,0,0001
2018-12-01,23.0,72.5,1.6426568e+07,0,0001
2018-12-01,23.0,72.6,1.6430236e+07,0,0001
2018-12-01,23.0,72.7,1.643646e+07,0,0001
2019-01-01,23.1,72.5,1.7827384e+07,0,0001
2019-01-01,23.1,72.6,1.7823844e+07,0,0001
2019-01-01,23.1,72.7,1.7827936e+07,0,0001
2019-01-01,23.0,72.5,1.7860848e+07,0,0001
2019-01-01,23.0,72.6,1.7856024e+07,0,0001
2019-01-01,23.0,72.7,1.7859908e+07,0,0001
2019-02-01,23.1,72.5,2.0084208e+07,0,0001
2019-02-01,23.1,72.6,2.0042932e+07,0,0001
2019-02-01,23.1,72.7,2.0018146e+07,0,0001
2019-02-01,23.0,72.5,2.0112084e+07,0,0001
2019-02-01,23.0,72.6,2.0066402e+07,0,0001
2019-02-01,23.0,72.7,2.0039636e+07,0,0001
2019-03-01,23.1,72.5,2.361083e+07,0,0001
2019-03-01,23.1,72.6,2.360399e+07,0,0001
2019-03-01,23.1,72.7,2.3620608e+07,0,0001
2019-03-01,23.0,72.5,2.364495e+07,0,0001
2019-03-01,23.0,72.6,2.3633168e+07,0,0001
2019-03-01,23.0,72.7,2.3648394e+07,0,0001
2019-04-01,23.1,72.5,2.6180598e+07,0,0001
2019-04-01,23.1,72.6,2.6175946e+07,0,0001
2019-04-01,23.1,72.7,2.6175714e+07,0,0001
2019-04-01,23.0,72.5,2.6169152e+07,0,0001
2019-04-01,23.0,72.6,2.616087e+07,0,0001
2019-04-01,23.0,72.7,2.6159304e+07,0,0001
2019-05-01,23.1,72.5,2.6876424e+07,0,0001
2019-05-01,23.1,72.6,2.689363e+07,0,0001
2019-05-01,23.1,72.7,2.6896774e+07,0,0001
2019-05-01,23.0,72.5,2.6888838e+07,0,0001
2019-05-01,23.0,72.6,2.6907802e+07,0,0001
2019-05-01,23.0,72.7,2.6910012e+07,0,0001
2019-06-01,23.1,72.5,2.127486e+07,0,0001
2019-06-01,23.1,72.6,2.1290538e+07,0,0001
2019-06-01,23.1,72.7,2.1299742e+07,0,0001
2019-06-01,23.0,72.5,2.116279e+07,0,0001
2019-06-01,23.0,72.6,2.1166528e+07,0,0001
2019-06-01,23.0,72.7,2.1168546e+07,0,0001
2019-07-01,23.1,72.5,1.5107678e+07,0,0001
2019-07-01,23.1,72.6,1.497947e+07,0,0001
2019-07-01,23.1,72.7,1.491061e+07,0,0001
2019-07-01,23.0,72.5,1.5068052e+07,0,0001
2019-07-01,23.0,72.6,1.493556e+07,0,0001
2019-07-01,23.0,72.7,1.486653e+07,0,0001
2019-08-01,23.1,72.5,1.1136e+07,0,0001
2019-08-01,23.1,72.6,1.1039412e+07,0,0001
2019-08-01,23.1,72.7,1.0942736e+07,0,0001
2019-08-01,23.0,72.5,1.115339e+07,0,0001
2019-08-01,23.0,72.6,1.1060338e+07,0,0001
2019-08-01,23.0,72.7,1.0966732e+07,0,0001
2019-09-01,23.1,72.5,1.1947946e+07,0,0001
2019-09-01,23.1,72.6,1.1947502e+07,0,0001
2019-09-01,23.1,72.7,1.1915328e+07,0,0001
2019-09-01,23.0,72.5,1.1927412e+07,0,0001
2019-09-01,23.0,72.6,1.193797e+07,0,0001
2019-09-01,23.0,72.7,1.1913446e+07,0,0001
2019-10-01,23.1,72.5,1.8502816e+07,0,0001
2019-10-01,23.1,72.6,1.8479396e+07,0,0001
2019-10-01,23.1,72.7,1.8441036e+07,0,0001
2019-10-01,23.0,72.5,1.8491178e+07,0,0001
2019-10-01,23.0,72.6,1.8471836e+07,0,0001
2019-10-01,23.0,72.7,1.8431066e+07,0,0001
2019-11-01,23.1,72.5,1.5734872e+07,0,0001
2019-11-01,23.1,72.6,1.5744752e+07,0,0001
2019-11-01,23.1,72.7,1.5751972e+07,0,0001
2019-11-01,23.0,72.5,1.5700168e+07,0,0001
2019-11-01,23.0,72.6,1.570748e+07,0,0001
2019-11-01,23.0,72.7,1.571308e+07,0,0001
2019-12-01,23.1,72.5,1.556534e+07,0,0001
2019-12-01,23.1,72.6,1.5555576e+07,0,0001
2019-12-01,23.1,72.7,1.5548936e+07,0,0001
2019-12-01,23.0,72.5,1.5558112e+07,0,0001
2019-12-01,23.0,72.6,1.5548364e+07,0,0001
2019-12-01,23.0,72.7,1.5542988e+07,0,0001
2020-01-01,23.1,72.5,1.7001084e+07,0,0001
2020-01-01,23.1,72.6,1.6990148e+07,0,0001
2020-01-01,23.1,72.7,1.6979804e+07,0,0001
2020-01-01,23.0,72.5,1.704676e+07,0,0001
2020-01-01,23.0,72.6,1.7036308e+07,0,0001
2020-01-01,23.0,72.7,1.702548e+07,0,0001
2020-02-01,23.1,72.5,2.0452976e+07,0,0001
2020-02-01,23.1,72.6,2.0444414e+07,0,0001
2020-02-01,23.1,72.7,2.0450714e+07,0,0001
2020-02-01,23.0,72.5,2.0482992e+07,0,0001
2020-02-01,23.0,72.6,2.0471922e+07,0,0001
2020-02-01,23.0,72.7,2.0478862e+07,0,0001
2020-03-01,23.1,72.5,2.2980252e+07,0,0001
2020-03-01,23.1,72.6,2.296995e+07,0,0001
2020-03-01,23.1,72.7,2.2968096e+07,0,0001
2020-03-01,23.0,72.5,2.298267e+07,0,0001
2020-03-01,23.0,72.6,2.2972578e+07,0,0001
2020-03-01,23.0,72.7,2.2974022e+07,0,0001
2020-04-01,23.1,72.5,2.5993156e+07,0,0001
2020-04-01,23.1,72.6,2.5973004e+07,0,0001
2020-04-01,23.1,72.7,2.5963562e+07,0,0001
2020-04-01,23.0,72.5,2.6003598e+07,0,0001
2020-04-01,23.0,72.6,2.598201e+07,0,0001
2020-04-01,23.0,72.7,2.5971264e+07,0,0001
2020-05-01,23.1,72.5,2.6796902e+07,0,0001
2020-05-01,23.1,72.6,2.6784112e+07,0,0001
2020-05-01,23.1,72.7,2.6776174e+07,0,0001
2020-05-01,23.0,72.5,2.6770294e+07,0,0001
2020-05-01,23.0,72.6,2.6756278e+07,0,0001
2020-05-01,23.0,72.7,2.6749268e+07,0,0001
2020-06-01,23.1,72.5,2.0165952e+07,0,0001
2020-06-01,23.1,72.6,2.0040564e+07,0,0001
2020-06-01,23.1,72.7,1.9926962e+07,0,0001
2020-06-01,23.0,72.5,2.0041892e+07,0,0001
2020-06-01,23.0,72.6,1.9912002e+07,0,0001
2020-06-01,23.0,72.7,1.9795162e+07,0,0001
2020-07-01,23.1,72.5,1.6577202e+07,0,0001
2020-07-01,23.1,72.6,1.6584152e+07,0,0001
2020-07-01,23.1,72.7,1.6552148e+07,0,0001
2020-07-01,23.0,72.5,1.6512542e+07,0,0001
2020-07-01,23.0,72.6,1.652759e+07,0,0001
2020-07-01,23.0,72.7,1.6490292e+07,0,0001
2020-08-01,23.1,72.5,9.831256e+06,0,0001
2020-08-01,23.1,72.6,9.799524e+06,0,0001
2020-08-01,23.1,72.7,9.754798e+06,0,0001
2020-08-01,23.0,72.5,9.801566e+06,0,0001
2020-08-01,23.0,72.6,9.77291e+06,0,0001
2020-08-01,23.0,72.7,9.73358e+06,0,0001
2020-09-01,23.1,72.5,1.8175444e+07,0,0001
2020-09-01,23.1,72.6,1.8141074e+07,0,0001
2020-09-01,23.1,72.7,1.8090642e+07,0,0001
2020-09-01,23.0,72.5,1.8201042e+07,0,0001
2020-09-01,23.0,72.6,1.8168348e+07,0,0001
2020-09-01,23.0,72.7,1.8111432e+07,0,0001
2020-10-01,23.1,72.5,1.9299754e+07,0,0001
2020-10-01,23.1,72.6,1.9290402e+07,0,0001
2020-10-01,23.1,72.7,1.9294632e+07,0,0001
2020-10-01,23.0,72.5,1.9276736e+07,0,0001
2020-10-01,23.0,72.6,1.9265502e+07,0,0001
2020-10-01,23.0,72.7,1.9269898e+07,0,0001
2020-11-01,23.1,72.5,1.7720244e+07,0,0001
2020-11-01,23.1,72.6,1.7683632e+07,0,0001
2020-11-01,23.1,72.7,1.7657588e+07,0,0001
2020-11-01,23.0,72.5,1.7715456e+07,0,0001
2020-11-01,23.0,72.6,1.7676884e+07,0,0001
2020-11-01,23.0,72.7,1.7649828e+07,0,0001
2020-12-01,23.1,72.5,1.592476e+07,0,0001
2020-12-01,23.1,72.6,1.5903932e+07,0,0001
2020-12-01,23.1,72.7,1.5885608e+07,0,0001
2020-12-01,23.0,72.5,1.592452e+07,0,0001
2020-12-01,23.0,72.6,1.5902556e+07,0,0001
2020-12-01,23.0,72.7,1.5883916e+07,0,0001
2021-01-01,23.1,72.5,1.755144e+07,0,0001
2021-01-01,23.1,72.6,1.7512448e+07,0,0001
2021-01-01,23.1,72.7,1.7465644e+07,0,0001
2021-01-01,23.0,72.5,1.7576036e+07,0,0001
2021-01-01,23.0,72.6,1.7537192e+07,0,0001
2021-01-01,23.0,72.7,1.7487076e+07,0,0001
2021-02-01,23.1,72.5,2.0536688e+07,0,0001
2021-02-01,23.1,72.6,2.0529614e+07,0,0001
2021-02-01,23.1,72.7,2.0529938e+07,0,0001
2021-02-01,23.0,72.5,2.0550054e+07,0,0001
2021-02-01,23.0,72.6,2.0541824e+07,0,0001
2021-02-01,23.0,72.7,2.054187e+07,0,0001
2021-03-01,23.1,72.5,2.4257064e+07,0,0001
2021-03-01,23.1,72.6,2.4244204e+07,0,0001
2021-03-01,23.1,72.7,2.4232176e+07,0,0001
2021-03-01,23.0,72.5,2.42643e+07,0,0001
2021-03-01,23.0,72.6,2.4250668e+07,0,0001
2021-03-01,23.0,72.7,2.4238064e+07,0,0001
2021-04-01,23.1,72.5,2.624108e+07,0,0001
2021-04-01,23.1,72.6,2.6194486e+07,0,0001
2021-04-01,23.1,72.7,2.6184528e+07,0,0001
2021-04-01,23.0,72.5,2.6196262e+07,0,0001
2021-04-01,23.0,72.6,2.6145012e+07,0,0001
2021-04-01,23.0,72.7,2.6139922e+07,0,0001
2021-05-01,23.1,72.5,2.4299588e+07,0,0001
2021-05-01,23.1,72.6,2.428176e+07,0,0001
2021-05-01,23.1,72.7,2.4255808e+07,0,0001
2021-05-01,23.0,72.5,2.4278734e+07,0,0001
2021-05-01,23.0,72.6,2.426097e+07,0,0001
2021-05-01,23.0,72.7,2.4232452e+07,0,0001
2021-06-01,23.1,72.5,1.9581816e+07,0,0001
2021-06-01,23.1,72.6,1.9467348e+07,0,0001
2021-06-01,23.1,72.7,1.9386806e+07,0,0001
2021-06-01,23.0,72.5,1.9589506e+07,0,0001
2021-06-01,23.0,72.6,1.9467754e+07,0,0001
2021-06-01,23.0,72.7,1.93851e+07,0,0001
2021-07-01,23.1,72.5,1.502546e+07,0,0001
2021-07-01,23.1,72.6,1.5022678e+07,0,0001
2021-07-01,23.1,72.7,1.500487e+07,0,0001
2021-07-01,23.0,72.5,1.5059366e+07,0,0001
2021-07-01,23.0,72.6,1.5060248e+07,0,0001
2021-07-01,23.0,72.7,1.5036994e+07,0,0001
2021-08-01,23.1,72.5,1.3870516e+07,0,0001
2021-08-01,23.1,72.6,1.3866646e+07,0,0001
2021-08-01,23.1,72.7,1.3826372e+07,0,0001
2021-08-01,23.0,72.5,1.3802106e+07,0,0001
2021-08-01,23.0,72.6,1.3807794e+07,0,0001
2021-08-01,23.0,72.7,1.376388e+07,0,0001
2021-09-01,23.1,72.5,1.261939e+07,0,0001
2021-09-01,23.1,72.6,1.2527408e+07,0,0001
2021-09-01,23.1,72.7,1.2452566e+07,0,0001
2021-09-01,23.0,72.5,1.253729e+07,0,0001
2021-09-01,23.0,72.6,1.2442796e+07,0,0001
2021-09-01,23.0,72.7,1.2369326e+07,0,0001
2021-10-01,23.1,72.5,1.9027286e+07,0,0001
2021-10-01,23.1,72.6,1.901372e+07,0,0001
2021-10-01,23.1,72.7,1.8974364e+07,0,0001
2021-10-01,23.0,72.5,1.9041044e+07,0,0001
2021-10-01,23.0,72.6,1.9030706e+07,0,0001
2021-10-01,23.0,72.7,1.8987754e+07,0,0001
2021-11-01,23.1,72.5,1.7176476e+07,0,0001
2021-11-01,23.1,72.6,1.7151324e+07,0,0001
2021-11-01,23.1,72.7,1.7145992e+07,0,0001
2021-11-01,23.0,72.5,1.718392e+07,0,0001
2021-11-01,23.0,72.6,1.7156428e+07,0,0001
2021-11-01,23.0,72.7,1.7153604e+07,0,0001
2021-12-01,23.1,72.5,1.493056e+07,0,0001
2021-12-01,23.1,72.6,1.488012e+07,0,0001
2021-12-01,23.1,72.7,1.485626e+07,0,0001
2021-12-01,23.0,72.5,1.4948656e+07,0,0001
2021-12-01,23.0,72.6,1.48957e+07,0,0001
2021-12-01,23.0,72.7,1.4874304e+07,0,0001
2022-01-01,23.1,72.5,1.7049836e+07,0,0001
2022-01-01,23.1,72.6,1.7041972e+07,0,0001
2022-01-01,23.1,72.7,1.7045392e+07,0,0001
2022-01-01,23.0,72.5,1.7112196e+07,0,0001
2022-01-01,23.0,72.6,1.7102744e+07,0,0001
2022-01-01,23.0,72.7,1.7103908e+07,0,0001
2022-02-01,23.1,72.5,2.0663746e+07,0,0001
2022-02-01,23.1,72.6,2.064058e+07,0,0001
2022-02-01,23.1,72.7,2.062895e+07,0,0001
2022-02-01,23.0,72.5,2.0691856e+07,0,0001
2022-02-01,23.0,72.6,2.066687e+07,0,0001
2022-02-01,23.0,72.7,2.0654304e+07,0,0001
2022-03-01,23.1,72.5,2.3974944e+07,0,0001
2022-03-01,23.1,72.6,2.3955212e+07,0,0001
2022-03-01,23.1,72.7,2.393556e+07,0,0001
2022-03-01,23.0,72.5,2.3983904e+07,0,0001
2022-03-01,23.0,72.6,2.396416e+07,0,0001
2022-03-01,23.0,72.7,2.3941748e+07,0,0001
2022-04-01,23.1,72.5,2.6698438e+07,0,0001
2022-04-01,23.1,72.6,2.6684634e+07,0,0001
2022-04-01,23.1,72.7,2.6680342e+07,0,0001
2022-04-01,23.0,72.5,2.6681584e+07,0,0001
2022-04-01,23.0,72.6,2.6665836e+07,0,0001
2022-04-01,23.0,72.7,2.666099e+07,0,0001
2022-05-01,23.1,72.5,2.6726632e+07,0,0001
2022-05-01,23.1,72.6,2.668684e+07,0,0001
2022-05-01,23.1,72.7,2.6663152e+07,0,0001
2022-05-01,23.0,72.5,2.672214e+07,0,0001
2022-05-01,23.0,72.6,2.6679648e+07,0,0001
2022-05-01,23.0,72.7,2.6658532e+07,0,0001
2022-06-01,23.1,72.5,2.240055e+07,0,0001
2022-06-01,23.1,72.6,2.2398858e+07,0,0001
2022-06-01,23.1,72.7,2.236682e+07,0,0001
2022-06-01,23.0,72.5,2.2348506e+07,0,0001
2022-06-01,23.0,72.6,2.2356412e+07,0,0001
2022-06-01,23.0,72.7,2.2325186e+07,0,0001
2022-07-01,23.1,72.5,1.2732272e+07,0,0001
2022-07-01,23.1,72.6,1.2718006e+07,0,0001
2022-07-01,23.1,72.7,1.2634276e+07,0,0001
2022-07-01,23.0,72.5,1.2683212e+07,0,0001
2022-07-01,23.0,72.6,1.2679744e+07,0,0001
2022-07-01,23.0,72.7,1.2586498e+07,0,0001
2022-08-01,23.1,72.5,1.3586802e+07,0,0001
2022-08-01,23.1,72.6,1.364961e+07,0,0001
2022-08-01,23.1,72.7,1.3659744e+07,0,0001
2022-08-01,23.0,72.5,1.3624236e+07,0,0001
2022-08-01,23.0,72.6,1.3693762e+07,0,0001
2022-08-01,23.0,72.7,1.3696008e+07,0,0001
2022-09-01,23.1,72.5,1.2644407e+07,0,0001
2022-09-01,23.1,72.6,1.2628151e+07,0,0001
2022-09-01,23.1,72.7,1.2592973e+07,0,0001
2022-09-01,23.0,72.5,1.2577265e+07,0,0001
2022-09-01,23.0,72.6,1.2559513e+07,0,0001
2022-09-01,23.0,72.7,1.2519731e+07,0,0001
2022-10-01,23.1,72.5,1.38689e+07,0,0001
2022-10-01,23.1,72.6,1.383501e+07,0,0001
2022-10-01,23.1,72.7,1.3801802e+07,0,0001
2022-10-01,23.0,72.5,1.3835818e+07,0,0001
2022-10-01,23.0,72.6,1.3803156e+07,0,0001
2022-10-01,23.0,72.7,1.3772108e+07,0,0001
2022-11-01,23.1,72.5,1.3197512e+07,0,0001
2022-11-01,23.1,72.6,1.3191668e+07,0,0001
2022-11-01,23.1,72.7,1.3192684e+07,0,0001
2022-11-01,23.0,72.5,1.3219754e+07,0,0001
2022-11-01,23.0,72.6,1.3212948e+07,0,0001
2022-11-01,23.0,72.7,1.321386e+07,0,0001
2022-12-01,23.1,72.5,1.1709038e+07,0,0001
2022-12-01,23.1,72.6,1.1713816e+07,0,0001
2022-12-01,23.1,72.7,1.1722468e+07,0,0001
2022-12-01,23.0,72.5,1.1720628e+07,0,0001
2022-12-01,23.0,72.6,1.1726034e+07,0,0001
2022-12-01,23.0,72.7,1.173531e+07,0,0001
2023-01-01,23.1,72.5,1.2583206e+07,0,0001
2023-01-01,23.1,72.6,1.2571554e+07,0,0001
2023-01-01,23.1,72.7,1.2567026e+07,0,0001
2023-01-01,23.0,72.5,1.2597778e+07,0,0001
2023-01-01,23.0,72.6,1.2585074e+07,0,0001
2023-01-01,23.0,72.7,1.258054e+07,0,0001
2023-02-01,23.1,72.5,1.4916726e+07,0,0001
2023-02-01,23.1,72.6,1.4920156e+07,0,0001
2023-02-01,23.1,72.7,1.4931886e+07,0,0001
2023-02-01,23.0,72.5,1.4930336e+07,0,0001
2023-02-01,23.0,72.6,1.4932694e+07,0,0001
2023-02-01,23.0,72.7,1.494523e+07,0,0001
2023-03-01,23.1,72.5,1.6009359e+07,0,0001
2023-03-01,23.1,72.6,1.6047215e+07,0,0001
2023-03-01,23.1,72.7,1.6086691e+07,0,0001
2023-03-01,23.0,72.5,1.6041251e+07,0,0001
2023-03-01,23.0,72.6,1.6078985e+07,0,0001
2023-03-01,23.0,72.7,1.6116645e+07,0,0001
2023-04-01,23.1,72.5,1.8027396e+07,0,0001
2023-04-01,23.1,72.6,1.8047126e+07,0,0001
2023-04-01,23.1,72.7,1.8072666e+07,0,0001
2023-04-01,23.0,72.5,1.8007918e+07,0,0001
2023-04-01,23.0,72.6,1.8028598e+07,0,0001
2023-04-01,23.0,72.7,1.8056348e+07,0,0001
2023-05-01,23.1,72.5,1.8715962e+07,0,0001
2023-05-01,23.1,72.6,1.873902e+07,0,0001
2023-05-01,23.1,72.7,1.8765116e+07,0,0001
2023-05-01,23.0,72.5,1.8698914e+07,0,0001
2023-05-01,23.0,72.6,1.8722146e+07,0,0001
2023-05-01,23.0,72.7,1.8749424e+07,0,0001
2023-06-01,23.1,72.5,1.40896e+07,0,0001
2023-06-01,23.1,72.6,1.4041256e+07,0,0001
2023-06-01,23.1,72.7,1.4007504e+07,0,0001
2023-06-01,23.0,72.5,1.4087272e+07,0,0001
2023-06-01,23.0,72.6,1.4035372e+07,0,0001
2023-06-01,23.0,72.7,1.4002592e+07,0,0001
2023-07-01,23.1,72.5,9.644204e+06,0,0001
2023-07-01,23.1,72.6,9.576138e+06,0,0001
2023-07-01,23.1,72.7,9.507222e+06,0,0001
2023-07-01,23.0,72.5,9.59371e+06,0,0001
2023-07-01,23.0,72.6,9.526018e+06,0,0001
2023-07-01,23.0,72.7,9.457146e+06,0,0001
2023-08-01,23.1,72.5,1.0381838e+07,0,0001
2023-08-01,23.1,72.6,1.0352878e+07,0,0001
2023-08-01,23.1,72.7,1.0321984e+07,0,0001
2023-08-01,23.0,72.5,1.0461564e+07,0,0001
2023-08-01,23.0,72.6,1.0435054e+07,0,0001
2023-08-01,23.0,72.7,1.0404072e+07,0,0001
2023-09-01,23.1,72.5,1.1941313e+07,0,0001
2023-09-01,23.1,72.6,1.1882411e+07,0,0001
2023-09-01,23.1,72.7,1.1794039e+07,0,0001
2023-09-01,23.0,72.5,1.1899583e+07,0,0001
2023-09-01,23.0,72.6,1.1845717e+07,0,0001
2023-09-01,23.0,72.7,1.1755171e+07,0,0001
2023-10-01,23.1,72.5,1.4855589e+07,0,0001
2023-10-01,23.1,72.6,1.4877643e+07,0,0001
2023-10-01,23.1,72.7,1.4894901e+07,0,0001
2023-10-01,23.0,72.5,1.4853621e+07,0,0001
2023-10-01,23.0,72.6,1.4876933e+07,0,0001
2023-10-01,23.0,72.7,1.4894201e+07,0,0001
2023-11-01,23.1,72.5,1.2362618e+07,0,0001
2023-11-01,23.1,72.6,1.2358762e+07,0,0001
2023-11-01,23.1,72.7,1.2363628e+07,0,0001
2023-11-01,23.0,72.5,1.23878e+07,0,0001
2023-11-01,23.0,72.6,1.2383568e+07,0,0001
2023-11-01,23.0,72.7,1.2388098e+07,0,0001
2023-12-01,23.1,72.5,1.1119862e+07,0,0001
2023-12-01,23.1,72.6,1.1122548e+07,0,0001
2023-12-01,23.1,72.7,1.1131252e+07,0,0001
2023-12-01,23.0,72.5,1.1124462e+07,0,0001
2023-12-01,23.0,72.6,1.1127204e+07,0,0001
2023-12-01,23.0,72.7,1.113614e+07,0,0001
2024-01-01,23.1,72.5,1.2267748e+07,0,0001
2024-01-01,23.1,72.6,1.2262056e+07,0,0001
2024-01-01,23.1,72.7,1.2266754e+07,0,0001
2024-01-01,23.0,72.5,1.2287106e+07,0,0001
2024-01-01,23.0,72.6,1.2281014e+07,0,0001
2024-01-01,23.0,72.7,1.228721e+07,0,0001
2024-02-01,23.1,72.5,1.418921e+07,0,0001
2024-02-01,23.1,72.6,1.4177342e+07,0,0001
2024-02-01,23.1,72.7,1.4177634e+07,0,0001
2024-02-01,23.0,72.5,1.42191e+07,0,0001
2024-02-01,23.0,72.6,1.4205366e+07,0,0001
2024-02-01,23.0,72.7,1.4206034e+07,0,0001
2024-03-01,23.1,72.5,2.3954496e+07,0,0001
2024-03-01,23.1,72.6,2.3964118e+07,0,0001
2024-03-01,23.1,72.7,2.3981126e+07,0,0001
2024-03-01,23.0,72.5,2.400345e+07,0,0001
2024-03-01,23.0,72.6,2.4011154e+07,0,0001
2024-03-01,23.0,72.7,2.4027134e+07,0,0001
2024-04-01,23.1,72.5,2.533636e+07,0,0001
2024-04-01,23.1,72.6,2.5301532e+07,0,0001
2024-04-01,23.1,72.7,2.5285218e+07,0,0001
2024-04-01,23.0,72.5,2.537089e+07,0,0001
2024-04-01,23.0,72.6,2.533184e+07,0,0001
2024-04-01,23.0,72.7,2.5313048e+07,0,0001
2024-05-01,23.1,72.5,2.6208266e+07,0,0001
2024-05-01,23.1,72.6,2.617575e+07,0,0001
2024-05-01,23.1,72.7,2.6155848e+07,0,0001
2024-05-01,23.0,72.5,2.6151038e+07,0,0001
2024-05-01,23.0,72.6,2.6114632e+07,0,0001
2024-05-01,23.0,72.7,2.6094288e+07,0,0001
2024-06-01,23.1,72.5,2.1764164e+07,0,0001
2024-06-01,23.1,72.6,2.1704192e+07,0,0001
2024-06-01,23.1,72.7,2.1634334e+07,0,0001
2024-06-01,23.0,72.5,2.1726844e+07,0,0001
2024-06-01,23.0,72.6,2.1667688e+07,0,0001
2024-06-01,23.0,72.7,2.1592282e+07,0,0001
2024-07-01,23.1,72.5,1.2237406e+07,0,0001
2024-07-01,23.1,72.6,1.2189316e+07,0,0001
2024-07-01,23.1,72.7,1.2152184e+07,0,0001
2024-07-01,23.0,72.5,1.2134704e+07,0,0001
2024-07-01,23.0,72.6,1.2083628e+07,0,0001
2024-07-01,23.0,72.7,1.2045696e+07,0,0001
2024-08-01,23.1,72.5,1.1630204e+07,0,0001
2024-08-01,23.1,72.6,1.1595928e+07,0,0001
2024-08-01,23.1,72.7,1.1493294e+07,0,0001
2024-08-01,23.0,72.5,1.1662132e+07,0,0001
2024-08-01,23.0,72.6,1.1639942e+07,0,0001
2024-08-01,23.0,72.7,1.1539652e+07,0,0001
2024-09-01,23.1,72.5,1.533178e+07,0,0001
2024-09-01,23.1,72.6,1.5256664e+07,0,0001
2024-09-01,23.1,72.7,1.5158098e+07,0,0001
2024-09-01,23.0,72.5,1.5302538e+07,0,0001
2024-09-01,23.0,72.6,1.5224486e+07,0,0001
2024-09-01,23.0,72.7,1.5117938e+07,0,0001
2024-10-01,23.1,72.5,1.7894296e+07,0,0001
2024-10-01,23.1,72.6,1.7854742e+07,0,0001
2024-10-01,23.1,72.7,1.7829006e+07,0,0001
2024-10-01,23.0,72.5,1.7791568e+07,0,0001
2024-10-01,23.0,72.6,1.774857e+07,0,0001
2024-10-01,23.0,72.7,1.7723456e+07,0,0001
2024-11-01,23.1,72.5,1.7981508e+07,0,0001
2024-11-01,23.1,72.6,1.797408e+07,0,0001
2024-11-01,23.1,72.7,1.7974916e+07,0,0001
2024-11-01,23.0,72.5,1.8005224e+07,0,0001
2024-11-01,23.0,72.6,1.7996684e+07,0,0001
2024-11-01,23.0,72.7,1.7997844e+07,0,0001
2024-12-01,23.1,72.5,1.6228616e+07,0,0001
2024-12-01,23.1,72.6,1.6185104e+07,0,0001
2024-12-01,23.1,72.7,1.6134844e+07,0,0001
2024-12-01,23.0,72.5,1.6232916e+07,0,0001
2024-12-01,23.0,72.6,1.6189776e+07,0,0001
2024-12-01,23.0,72.7,1.6138644e+07,0,0001
