valid_time,latitude,longitude,ssrd,number,expver,irradiance_kwh_m2_day,daily_gen_kwh,days_in_month,monthly_gen_kwh
2005-01-01,23.0,72.6,17145704.0,0,1,4.762695555555555,11.430469333333333,31,354.3445493333333
2005-02-01,23.0,72.6,20543984.0,0,1,5.7066622222222225,13.695989333333337,28,383.48770133333346
2005-03-01,23.0,72.6,23844896.0,0,1,6.623582222222222,15.896597333333332,31,492.7945173333333
2005-04-01,23.0,72.6,26904104.0,0,1,7.473362222222222,17.936069333333332,30,538.08208
2005-05-01,23.0,72.6,27018098.0,0,1,7.505027222222222,18.012065333333336,31,558.3740253333334
2005-06-01,23.0,72.6,21223804.0,0,1,5.895501111111111,14.149202666666667,30,424.47608
2005-07-01,23.0,72.6,14231398.0,0,1,3.953166111111111,9.487598666666667,31,294.1155586666667
2005-08-01,23.0,72.6,14280828.0,0,1,3.9668966666666665,9.520552,31,295.137112
2005-09-01,23.0,72.6,14823533.0,0,1,4.117648055555556,9.882355333333335,30,296.47066000000007
2005-10-01,23.0,72.6,20571492.0,0,1,5.7143033333333335,13.714328000000002,31,425.14416800000004
2005-11-01,23.0,72.6,17876344.0,0,1,4.965651111111111,11.917562666666667,30,357.52688
2005-12-01,23.0,72.6,16750648.0,0,1,4.652957777777778,11.167098666666668,31,346.1800586666667
2006-01-01,23.0,72.6,17852992.0,0,1,4.959164444444444,11.901994666666667,31,368.9618346666667
2006-02-01,23.0,72.6,20537870.0,0,1,5.704963888888889,13.691913333333332,28,383.3735733333333
2006-03-01,23.0,72.6,23706880.0,0,1,6.585244444444444,15.804586666666665,31,489.94218666666666
2006-04-01,23.0,72.6,26252142.0,0,1,7.292261666666667,17.501428,30,525.0428400000001
2006-05-01,23.0,72.6,26184850.0,0,1,7.273569444444444,17.456566666666667,31,541.1535666666667
2006-06-01,23.0,72.6,21623968.0,0,1,6.006657777777778,14.415978666666668,30,432.47936000000004
2006-07-01,23.0,72.6,11789410.0,0,1,3.274836111111111,7.859606666666668,31,243.6478066666667
2006-08-01,23.0,72.6,10033804.0,0,1,2.787167777777778,6.689202666666667,31,207.36528266666667
2006-09-01,23.0,72.6,17039064.0,0,1,4.7330733333333335,11.359376000000001,30,340.78128000000004
2006-10-01,23.0,72.6,20101370.0,0,1,5.583713888888889,13.400913333333335,31,415.4283133333334
2006-11-01,23.0,72.6,17708076.0,0,1,4.91891,11.805384000000002,30,354.16152000000005
2006-12-01,23.0,72.6,16276404.0,0,1,4.521223333333333,10.850936,31,336.37901600000004
2007-01-01,23.0,72.6,17547852.0,0,1,4.874403333333333,11.698568000000002,31,362.65560800000003
2007-02-01,23.0,72.6,20080118.0,0,1,5.577810555555556,13.386745333333335,28,374.8288693333334
2007-03-01,23.0,72.6,23954042.0,0,1,6.6539005555555555,15.969361333333334,31,495.05020133333335
2007-04-01,23.0,72.6,26450476.0,0,1,7.347354444444444,17.633650666666664,30,529.00952
2007-05-01,23.0,72.6,26785704.0,0,1,7.440473333333333,17.857136,31,553.571216
2007-06-01,23.0,72.6,20307090.0,0,1,5.640858333333333,13.53806,30,406.1418
2007-07-01,23.0,72.6,14317260.0,0,1,3.9770166666666666,9.544839999999999,31,295.89003999999994
2007-08-01,23.0,72.6,12887790.0,0,1,3.5799416666666666,8.59186,31,266.34766
2007-09-01,23.0,72.6,15461323.0,0,1,4.294811944444445,10.30754866666667,30,309.2264600000001
2007-10-01,23.0,72.6,20619428.0,0,1,5.727618888888889,13.746285333333333,31,426.1348453333333
2007-11-01,23.0,72.6,17964452.0,0,1,4.990125555555555,11.976301333333334,30,359.28904
2007-12-01,23.0,72.6,15986632.0,0,1,4.440731111111111,10.657754666666667,31,330.3903946666667
2008-01-01,23.0,72.6,17644872.0,0,1,4.901353333333334,11.763248000000003,31,364.6606880000001
2008-02-01,23.0,72.6,21197040.0,0,1,5.888066666666667,14.13136,29,409.80944
2008-03-01,23.0,72.6,23521372.0,0,1,6.533714444444445,15.680914666666666,31,486.1083546666666
2008-04-01,23.0,72.6,26298948.0,0,1,7.305263333333333,17.532632000000003,30,525.9789600000001
2008-05-01,23.0,72.6,26736998.0,0,1,7.426943888888889,17.824665333333336,31,552.5646253333334
2008-06-01,23.0,72.6,17481040.0,0,1,4.855844444444444,11.654026666666667,30,349.62080000000003
2008-07-01,23.0,72.6,13645040.0,0,1,3.790288888888889,9.096693333333334,31,281.99749333333335
2008-08-01,23.0,72.6,12865256.0,0,1,3.573682222222222,8.576837333333334,31,265.88195733333333
2008-09-01,23.0,72.6,17032122.0,0,1,4.731145,11.354748,30,340.64244
2008-10-01,23.0,72.6,20149714.0,0,1,5.597142777777778,13.433142666666669,31,416.42742266666676
2008-11-01,23.0,72.6,17327844.0,0,1,4.81329,11.551896000000001,30,346.55688000000004
2008-12-01,23.0,72.6,15585912.0,0,1,4.32942,10.390608,31,322.108848
2009-01-01,23.0,72.6,16800604.0,0,1,4.6668344444444445,11.200402666666669,31,347.21248266666674
2009-02-01,23.0,72.6,20682196.0,0,1,5.7450544444444445,13.788130666666667,28,386.0676586666667
2009-03-01,23.0,72.6,23992864.0,0,1,6.664684444444444,15.995242666666668,31,495.8525226666667
2009-04-01,23.0,72.6,26632696.0,0,1,7.3979711111111115,17.75513066666667,30,532.6539200000001
2009-05-01,23.0,72.6,26918906.0,0,1,7.4774738888888885,17.945937333333333,31,556.3240573333334
2009-06-01,23.0,72.6,22858202.0,0,1,6.349500555555555,15.238801333333335,30,457.16404000000006
2009-07-01,23.0,72.6,12581312.0,0,1,3.494808888888889,8.387541333333335,31,260.0137813333334
2009-08-01,23.0,72.6,14141832.0,0,1,3.9282866666666667,9.427888000000001,31,292.26452800000004
2009-09-01,23.0,72.6,20277148.0,0,1,5.632541111111111,13.518098666666669,30,405.54296000000005
2009-10-01,23.0,72.6,20262846.0,0,1,5.628568333333333,13.508564,31,418.765484
2009-11-01,23.0,72.6,17013388.0,0,1,4.725941111111111,11.342258666666666,30,340.26775999999995
2009-12-01,23.0,72.6,16176388.0,0,1,4.493441111111111,10.784258666666668,31,334.3120186666667
2010-01-01,23.0,72.6,17608080.0,0,1,4.891133333333333,11.73872,31,363.90032
2010-02-01,23.0,72.6,20428850.0,0,1,5.674680555555556,13.619233333333336,28,381.3385333333334
2010-03-01,23.0,72.6,24013612.0,0,1,6.6704477777777775,16.009074666666667,31,496.2813146666667
2010-04-01,23.0,72.6,26058662.0,0,1,7.238517222222222,17.372441333333335,30,521.1732400000001
2010-05-01,23.0,72.6,27097020.0,0,1,7.52695,18.064680000000003,31,560.0050800000001
2010-06-01,23.0,72.6,22102532.0,0,1,6.139592222222222,14.735021333333334,30,442.05064000000004
2010-07-01,23.0,72.6,13808750.0,0,1,3.8357638888888888,9.205833333333334,31,285.3808333333334
2010-08-01,23.0,72.6,12789660.0,0,1,3.5526833333333334,8.52644,31,264.31964
2010-09-01,23.0,72.6,15924407.0,0,1,4.423446388888889,10.616271333333335,30,318.48814000000004
2010-10-01,23.0,72.6,19886804.0,0,1,5.5241122222222225,13.257869333333336,31,410.9939493333334
2010-11-01,23.0,72.6,14962468.0,0,1,4.156241111111111,9.974978666666667,30,299.24936
2010-12-01,23.0,72.6,16352556.0,0,1,4.542376666666667,10.901704000000002,31,337.9528240000001
2011-01-01,23.0,72.6,18002692.0,0,1,5.000747777777778,12.001794666666667,31,372.05563466666666
2011-02-01,23.0,72.6,20398112.0,0,1,5.666142222222223,13.598741333333335,28,380.76475733333336
2011-03-01,23.0,72.6,24431348.0,0,1,6.786485555555555,16.287565333333333,31,504.91452533333336
2011-04-01,23.0,72.6,26343764.0,0,1,7.317712222222222,17.562509333333335,30,526.8752800000001
2011-05-01,23.0,72.6,26571844.0,0,1,7.381067777777778,17.714562666666666,31,549.1514426666666
2011-06-01,23.0,72.6,18013832.0,0,1,5.0038422222222225,12.009221333333336,30,360.2766400000001
2011-07-01,23.0,72.6,12990328.0,0,1,3.6084244444444447,8.660218666666667,31,268.4667786666667
2011-08-01,23.0,72.6,10520194.0,0,1,2.922276111111111,7.013462666666666,31,217.41734266666666
2011-09-01,23.0,72.6,14746619.0,0,1,4.096283055555555,9.831079333333333,30,294.93238
2011-10-01,23.0,72.6,19935924.0,0,1,5.537756666666667,13.290616,31,412.009096
2011-11-01,23.0,72.6,17205100.0,0,1,4.779194444444444,11.470066666666668,30,344.10200000000003
2011-12-01,23.0,72.6,16646848.0,0,1,4.624124444444444,11.097898666666666,31,344.03485866666665
2012-01-01,23.0,72.6,17721100.0,0,1,4.922527777777778,11.814066666666669,31,366.2360666666667
2012-02-01,23.0,72.6,21003220.0,0,1,5.834227777777778,14.002146666666668,29,406.0622533333334
2012-03-01,23.0,72.6,24820300.0,0,1,6.894527777777777,16.546866666666666,31,512.9528666666666
2012-04-01,23.0,72.6,25498734.0,0,1,7.082981666666667,16.999156,30,509.97468
2012-05-01,23.0,72.6,27152220.0,0,1,7.542283333333334,18.101480000000002,31,561.14588
2012-06-01,23.0,72.6,21637050.0,0,1,6.010291666666666,14.4247,30,432.741
2012-07-01,23.0,72.6,12814366.0,0,1,3.559546111111111,8.542910666666668,31,264.8302306666667
2012-08-01,23.0,72.6,12641968.0,0,1,3.5116577777777778,8.427978666666666,31,261.26733866666666
2012-09-01,23.0,72.6,14408492.0,0,1,4.002358888888889,9.605661333333334,30,288.16984
2012-10-01,23.0,72.6,20328382.0,0,1,5.646772777777778,13.552254666666668,31,420.1198946666667
2012-11-01,23.0,72.6,18116172.0,0,1,5.03227,12.077447999999999,30,362.32343999999995
2012-12-01,23.0,72.6,16282912.0,0,1,4.523031111111111,10.855274666666666,31,336.51351466666665
2013-01-01,23.0,72.6,17801336.0,0,1,4.9448155555555555,11.867557333333334,31,367.8942773333334
2013-02-01,23.0,72.6,20293050.0,0,1,5.636958333333333,13.5287,28,378.8036
2013-03-01,23.0,72.6,23881280.0,0,1,6.633688888888889,15.920853333333334,31,493.5464533333333
2013-04-01,23.0,72.6,25971540.0,0,1,7.214316666666667,17.31436,30,519.4308
2013-05-01,23.0,72.6,26659910.0,0,1,7.405530555555556,17.773273333333332,31,550.9714733333333
2013-06-01,23.0,72.6,18068424.0,0,1,5.019006666666667,12.045616000000003,30,361.3684800000001
2013-07-01,23.0,72.6,10614766.0,0,1,2.9485461111111113,7.0765106666666675,31,219.37183066666668
2013-08-01,23.0,72.6,12093464.0,0,1,3.3592955555555557,8.062309333333335,31,249.9315893333334
2013-09-01,23.0,72.6,16459421.0,0,1,4.572061388888889,10.972947333333334,30,329.18842
2013-10-01,23.0,72.6,18066552.0,0,1,5.018486666666667,12.044368,31,373.375408
2013-11-01,23.0,72.6,17733100.0,0,1,4.925861111111111,11.822066666666666,30,354.662
2013-12-01,23.0,72.6,16538772.0,0,1,4.594103333333333,11.025848,31,341.801288
2014-01-01,23.0,72.6,16890448.0,0,1,4.691791111111111,11.260298666666666,31,349.06925866666666
2014-02-01,23.0,72.6,19868572.0,0,1,5.519047777777778,13.245714666666666,28,370.88001066666664
2014-03-01,23.0,72.6,23800620.0,0,1,6.611283333333334,15.867080000000001,31,491.87948000000006
2014-04-01,23.0,72.6,26415842.0,0,1,7.337733888888889,17.610561333333333,30,528.31684
2014-05-01,23.0,72.6,26695204.0,0,1,7.4153344444444445,17.796802666666668,31,551.7008826666668
2014-06-01,23.0,72.6,22979656.0,0,1,6.383237777777778,15.319770666666665,30,459.59311999999994
2014-07-01,23.0,72.6,13738050.0,0,1,3.816125,9.158700000000001,31,283.91970000000003
2014-08-01,23.0,72.6,15105462.0,0,1,4.195961666666666,10.070308,31,312.179548
2014-09-01,23.0,72.6,15347625.0,0,1,4.263229166666667,10.231750000000002,30,306.95250000000004
2014-10-01,23.0,72.6,19931916.0,0,1,5.536643333333333,13.287944,31,411.926264
2014-11-01,23.0,72.6,17342352.0,0,1,4.81732,11.561568000000001,30,346.84704000000005
2014-12-01,23.0,72.6,16426532.0,0,1,4.562925555555555,10.951021333333333,31,339.4816613333333
2015-01-01,23.0,72.6,16801228.0,0,1,4.667007777777778,11.200818666666668,31,347.2253786666667
2015-02-01,23.0,72.6,20430138.0,0,1,5.675038333333333,13.620092,28,381.362576
2015-03-01,23.0,72.6,22651998.0,0,1,6.292221666666666,15.101332,31,468.14129199999996
2015-04-01,23.0,72.6,25758670.0,0,1,7.155186111111111,17.17244666666667,30,515.1734000000001
2015-05-01,23.0,72.6,27084674.0,0,1,7.523520555555556,18.056449333333333,31,559.7499293333333
2015-06-01,23.0,72.6,20180016.0,0,1,5.60556,13.453344,30,403.60032
2015-07-01,23.0,72.6,12505266.0,0,1,3.473685,8.336844000000001,31,258.44216400000005
2015-08-01,23.0,72.6,14811158.0,0,1,4.114210555555555,9.874105333333333,31,306.0972653333333
2015-09-01,23.0,72.6,18937196.0,0,1,5.260332222222222,12.624797333333333,30,378.74392
2015-10-01,23.0,72.6,19875178.0,0,1,5.520882777777778,13.250118666666665,31,410.75367866666664
2015-11-01,23.0,72.6,17457060.0,0,1,4.849183333333333,11.638040000000002,30,349.1412000000001
2015-12-01,23.0,72.6,16804152.0,0,1,4.66782,11.202768,31,347.28580800000003
2016-01-01,23.0,72.6,17503116.0,0,1,4.861976666666667,11.668744000000002,31,361.73106400000006
2016-02-01,23.0,72.6,20344470.0,0,1,5.6512416666666665,13.56298,29,393.32642
2016-03-01,23.0,72.6,23691436.0,0,1,6.580954444444444,15.794290666666667,31,489.6230106666667
2016-04-01,23.0,72.6,25708088.0,0,1,7.141135555555556,17.138725333333333,30,514.16176
2016-05-01,23.0,72.6,26022538.0,0,1,7.228482777777778,17.348358666666666,31,537.7991186666667
2016-06-01,23.0,72.6,21082636.0,0,1,5.856287777777778,14.055090666666667,30,421.65272
2016-07-01,23.0,72.6,11905342.0,0,1,3.3070394444444444,7.936894666666666,31,246.04373466666667
2016-08-01,23.0,72.6,9436952.0,0,1,2.6213755555555553,6.291301333333333,31,195.03034133333333
2016-09-01,23.0,72.6,17776632.0,0,1,4.937953333333334,11.851088000000003,30,355.5326400000001
2016-10-01,23.0,72.6,17244520.0,0,1,4.7901444444444445,11.496346666666668,31,356.3867466666667
2016-11-01,23.0,72.6,18311708.0,0,1,5.086585555555556,12.207805333333335,30,366.23416000000003
2016-12-01,23.0,72.6,16738348.0,0,1,4.649541111111111,11.158898666666666,31,345.9258586666666
2017-01-01,23.0,72.6,17297132.0,0,1,4.804758888888889,11.531421333333334,31,357.47406133333334
2017-02-01,23.0,72.6,20702100.0,0,1,5.750583333333333,13.801400000000001,28,386.4392
2017-03-01,23.0,72.6,24195520.0,0,1,6.720977777777778,16.130346666666668,31,500.0407466666667
2017-04-01,23.0,72.6,26928808.0,0,1,7.480224444444445,17.952538666666666,30,538.57616
2017-05-01,23.0,72.6,26832964.0,0,1,7.453601111111111,17.888642666666666,31,554.5479226666666
2017-06-01,23.0,72.6,20120110.0,0,1,5.5889194444444446,13.413406666666669,30,402.40220000000005
2017-07-01,23.0,72.6,10599910.0,0,1,2.9444194444444443,7.066606666666667,31,219.06480666666667
2017-08-01,23.0,72.6,14579758.0,0,1,4.049932777777777,9.719838666666668,31,301.3149986666667
2017-09-01,23.0,72.6,18221062.0,0,1,5.061406111111111,12.147374666666668,30,364.42124
2017-10-01,23.0,72.6,19879250.0,0,1,5.522013888888889,13.252833333333335,31,410.8378333333334
2017-11-01,23.0,72.6,17844352.0,0,1,4.9567644444444445,11.896234666666667,30,356.88704
2017-12-01,23.0,72.6,14042808.0,0,1,3.90078,9.361872,31,290.218032
2018-01-01,23.0,72.6,17590972.0,0,1,4.8863811111111115,11.727314666666668,31,363.54675466666674
2018-02-01,23.0,72.6,19886012.0,0,1,5.523892222222222,13.257341333333333,28,371.20555733333333
2018-03-01,23.0,72.6,23870628.0,0,1,6.63073,15.913752,31,493.32631200000003
2018-04-01,23.0,72.6,26345110.0,0,1,7.3180861111111115,17.56340666666667,30,526.9022000000001
2018-05-01,23.0,72.6,27489048.0,0,1,7.635846666666667,18.326032,31,568.106992
2018-06-01,23.0,72.6,21431212.0,0,1,5.953114444444444,14.287474666666666,30,428.62424
2018-07-01,23.0,72.6,11440836.0,0,1,3.17801,7.627224,31,236.443944
2018-08-01,23.0,72.6,11260586.0,0,1,3.1279405555555555,7.507057333333333,31,232.71877733333332
2018-09-01,23.0,72.6,17114488.0,0,1,4.754024444444444,11.409658666666667,30,342.28976
2018-10-01,23.0,72.6,19761732.0,0,1,5.48937,13.174488,31,408.409128
2018-11-01,23.0,72.6,17672688.0,0,1,4.90908,11.781792000000003,30,353.4537600000001
2018-12-01,23.0,72.6,16430236.0,0,1,4.563954444444445,10.953490666666667,31,339.5582106666667
2019-01-01,23.0,72.6,17856024.0,0,1,4.960006666666667,11.904016,31,369.024496
2019-02-01,23.0,72.6,20066402.0,0,1,5.574000555555555,13.377601333333331,28,374.57283733333327
2019-03-01,23.0,72.6,23633168.0,0,1,6.564768888888889,15.755445333333334,31,488.41880533333335
2019-04-01,23.0,72.6,26160870.0,0,1,7.266908333333333,17.44058,30,523.2174
2019-05-01,23.0,72.6,26907802.0,0,1,7.474389444444444,17.938534666666666,31,556.0945746666666
2019-06-01,23.0,72.6,21166528.0,0,1,5.879591111111111,14.111018666666666,30,423.33056
2019-07-01,23.0,72.6,14935560.0,0,1,4.148766666666667,9.957040000000001,31,308.66824
2019-08-01,23.0,72.6,11060338.0,0,1,3.0723161111111112,7.373558666666668,31,228.5803186666667
2019-09-01,23.0,72.6,11937970.0,0,1,3.3161027777777776,7.958646666666667,30,238.7594
2019-10-01,23.0,72.6,18471836.0,0,1,5.131065555555556,12.314557333333335,31,381.7512773333334
2019-11-01,23.0,72.6,15707480.0,0,1,4.363188888888889,10.471653333333334,30,314.1496
2019-12-01,23.0,72.6,15548364.0,0,1,4.31899,10.365576000000003,31,321.3328560000001
2020-01-01,23.0,72.6,17036308.0,0,1,4.732307777777778,11.357538666666668,31,352.08369866666675
2020-02-01,23.0,72.6,20471922.0,0,1,5.686645,13.647948000000003,29,395.7904920000001
2020-03-01,23.0,72.6,22972578.0,0,1,6.381271666666667,15.315052000000001,31,474.76661200000007
2020-04-01,23.0,72.6,25982010.0,0,1,7.217225,17.321340000000003,30,519.6402
2020-05-01,23.0,72.6,26756278.0,0,1,7.432299444444444,17.837518666666664,31,552.9630786666665
2020-06-01,23.0,72.6,19912002.0,0,1,5.531111666666667,13.274668,30,398.24004
2020-07-01,23.0,72.6,16527590.0,0,1,4.590997222222223,11.018393333333336,31,341.5701933333334
2020-08-01,23.0,72.6,9772910.0,0,1,2.714697222222222,6.515273333333333,31,201.97347333333332
2020-09-01,23.0,72.6,18168348.0,0,1,5.046763333333334,12.112232,30,363.36696
2020-10-01,23.0,72.6,19265502.0,0,1,5.351528333333333,12.843668000000001,31,398.15370800000005
2020-11-01,23.0,72.6,17676884.0,0,1,4.910245555555556,11.784589333333336,30,353.5376800000001
2020-12-01,23.0,72.6,15902556.0,0,1,4.417376666666667,10.601704000000002,31,328.65282400000007
2021-01-01,23.0,72.6,17537192.0,0,1,4.871442222222222,11.691461333333335,31,362.43530133333337
2021-02-01,23.0,72.6,20541824.0,0,1,5.706062222222222,13.694549333333335,28,383.4473813333334
2021-03-01,23.0,72.6,24250668.0,0,1,6.736296666666667,16.167112,31,501.180472
2021-04-01,23.0,72.6,26145012.0,0,1,7.262503333333333,17.430007999999997,30,522.9002399999999
2021-05-01,23.0,72.6,24260970.0,0,1,6.739158333333333,16.17398,31,501.39338
2021-06-01,23.0,72.6,19467754.0,0,1,5.4077094444444445,12.97850266666667,30,389.3550800000001
2021-07-01,23.0,72.6,15060248.0,0,1,4.183402222222222,10.040165333333334,31,311.24512533333336
2021-08-01,23.0,72.6,13807794.0,0,1,3.8354983333333332,9.205195999999999,31,285.36107599999997
2021-09-01,23.0,72.6,12442796.0,0,1,3.456332222222222,8.295197333333332,30,248.85591999999997
2021-10-01,23.0,72.6,19030706.0,0,1,5.286307222222222,12.687137333333332,31,393.3012573333333
2021-11-01,23.0,72.6,17156428.0,0,1,4.7656744444444445,11.437618666666667,30,343.12856
2021-12-01,23.0,72.6,14895700.0,0,1,4.137694444444445,9.930466666666668,31,307.8444666666667
2022-01-01,23.0,72.6,17102744.0,0,1,4.750762222222222,11.401829333333334,31,353.4567093333333
2022-02-01,23.0,72.6,20666870.0,0,1,5.7407972222222226,13.777913333333334,28,385.78157333333337
2022-03-01,23.0,72.6,23964160.0,0,1,6.656711111111111,15.976106666666666,31,495.25930666666665
2022-04-01,23.0,72.6,26665836.0,0,1,7.4071766666666665,17.777224,30,533.31672
2022-05-01,23.0,72.6,26679648.0,0,1,7.411013333333333,17.786432,31,551.379392
2022-06-01,23.0,72.6,22356412.0,0,1,6.210114444444445,14.90427466666667,30,447.12824000000006
2022-07-01,23.0,72.6,12679744.0,0,1,3.522151111111111,8.453162666666667,31,262.0480426666667
2022-08-01,23.0,72.6,13693762.0,0,1,3.803822777777778,9.129174666666668,31,283.0044146666667
2022-09-01,23.0,72.6,12559513.0,0,1,3.488753611111111,8.373008666666667,30,251.19026000000002
2022-10-01,23.0,72.6,13803156.0,0,1,3.83421,9.202104,31,285.265224
2022-11-01,23.0,72.6,13212948.0,0,1,3.670263333333333,8.808632000000001,30,264.25896000000006
2022-12-01,23.0,72.6,11726034.0,0,1,3.2572316666666667,7.817356000000001,31,242.33803600000005
2023-01-01,23.0,72.6,12585074.0,0,1,3.495853888888889,8.390049333333335,31,260.0915293333334
2023-02-01,23.0,72.6,14932694.0,0,1,4.147970555555555,9.955129333333332,28,278.7436213333333
2023-03-01,23.0,72.6,16078985.0,0,1,4.466384722222222,10.719323333333334,31,332.29902333333337
2023-04-01,23.0,72.6,18028598.0,0,1,5.007943888888889,12.019065333333334,30,360.57196
2023-05-01,23.0,72.6,18722146.0,0,1,5.200596111111111,12.481430666666668,31,386.9243506666667
2023-06-01,23.0,72.6,14035372.0,0,1,3.8987144444444444,9.356914666666666,30,280.70744
2023-07-01,23.0,72.6,9526018.0,0,1,2.646116111111111,6.350678666666667,31,196.87103866666666
2023-08-01,23.0,72.6,10435054.0,0,1,2.898626111111111,6.956702666666667,31,215.65778266666666
2023-09-01,23.0,72.6,11845717.0,0,1,3.2904769444444444,7.897144666666667,30,236.91434
2023-10-01,23.0,72.6,14876933.0,0,1,4.1324813888888885,9.917955333333333,31,307.45661533333333
2023-11-01,23.0,72.6,12383568.0,0,1,3.43988,8.255712,30,247.67136000000002
2023-12-01,23.0,72.6,11127204.0,0,1,3.09089,7.4181360000000005,31,229.962216
2024-01-01,23.0,72.6,12281014.0,0,1,3.411392777777778,8.187342666666668,31,253.8076226666667
2024-02-01,23.0,72.6,14205366.0,0,1,3.945935,9.470244,29,274.637076
2024-03-01,23.0,72.6,24011154.0,0,1,6.669765,16.007436000000002,31,496.2305160000001
2024-04-01,23.0,72.6,25331840.0,0,1,7.036622222222222,16.887893333333334,30,506.63680000000005
2024-05-01,23.0,72.6,26114632.0,0,1,7.254064444444444,17.409754666666668,31,539.7023946666667
2024-06-01,23.0,72.6,21667688.0,0,1,6.018802222222222,14.445125333333335,30,433.3537600000001
2024-07-01,23.0,72.6,12083628.0,0,1,3.3565633333333333,8.055752,31,249.728312
2024-08-01,23.0,72.6,11639942.0,0,1,3.2333172222222224,7.759961333333334,31,240.55880133333335
2024-09-01,23.0,72.6,15224486.0,0,1,4.2290238888888885,10.149657333333332,30,304.48972
2024-10-01,23.0,72.6,17748570.0,0,1,4.930158333333333,11.83238,31,366.80378
2024-11-01,23.0,72.6,17996684.0,0,1,4.999078888888889,11.997789333333333,30,359.93368
2024-12-01,23.0,72.6,16189776.0,0,1,4.49716,10.793184,31,334.588704
